open_time_ms,open_time_iso,open,high,low,close,volume
1778072400000,2026-05-06T13:00:00+00:00,412.15000000,432.00000000,408.45000000,414.26000000,9724.94000000
1778076000000,2026-05-06T14:00:00+00:00,414.02000000,419.56000000,405.46000000,411.24000000,9319.88000000
1778079600000,2026-05-06T15:00:00+00:00,411.08000000,420.13000000,408.13000000,415.05000000,3853.69000000
1778083200000,2026-05-06T16:00:00+00:00,415.31000000,417.47000000,411.32000000,412.53000000,2960.15000000
1778086800000,2026-05-06T17:00:00+00:00,412.38000000,416.90000000,411.83000000,416.74000000,2584.79000000
1778090400000,2026-05-06T18:00:00+00:00,416.90000000,423.29000000,416.17000000,418.63000000,1412.35000000
1778094000000,2026-05-06T19:00:00+00:00,418.60000000,421.94000000,416.96000000,421.70000000,951.22000000
1778097600000,2026-05-06T20:00:00+00:00,421.72000000,425.16000000,416.75000000,417.42000000,1372.54000000
1778101200000,2026-05-06T21:00:00+00:00,417.41000000,419.51000000,412.62000000,413.54000000,675.91000000
1778104800000,2026-05-06T22:00:00+00:00,413.84000000,416.80000000,413.78000000,416.13000000,457.67000000
1778108400000,2026-05-06T23:00:00+00:00,416.00000000,417.47000000,415.15000000,415.50000000,390.30000000
1778112000000,2026-05-07T00:00:00+00:00,415.50000000,416.58000000,413.50000000,415.67000000,238.35000000
1778115600000,2026-05-07T01:00:00+00:00,415.80000000,418.72000000,414.18000000,418.14000000,500.95000000
1778119200000,2026-05-07T02:00:00+00:00,418.16000000,418.59000000,416.59000000,417.59000000,374.61000000
1778122800000,2026-05-07T03:00:00+00:00,418.10000000,419.22000000,416.87000000,418.53000000,361.73000000
1778126400000,2026-05-07T04:00:00+00:00,418.68000000,421.00000000,418.21000000,419.50000000,612.33000000
1778130000000,2026-05-07T05:00:00+00:00,419.90000000,424.50000000,419.22000000,421.55000000,554.54000000
1778133600000,2026-05-07T06:00:00+00:00,420.92000000,421.79000000,418.52000000,421.00000000,421.68000000
1778137200000,2026-05-07T07:00:00+00:00,421.00000000,425.67000000,419.74000000,423.66000000,512.18000000
1778140800000,2026-05-07T08:00:00+00:00,423.69000000,427.58000000,420.97000000,421.36000000,2056.02000000
1778144400000,2026-05-07T09:00:00+00:00,421.62000000,421.64000000,417.00000000,417.54000000,1316.87000000
1778148000000,2026-05-07T10:00:00+00:00,417.45000000,418.18000000,414.14000000,416.71000000,792.05000000
1778151600000,2026-05-07T11:00:00+00:00,416.98000000,417.19000000,413.89000000,415.57000000,919.94000000
1778155200000,2026-05-07T12:00:00+00:00,415.58000000,415.58000000,412.75000000,413.44000000,1018.02000000
1778158800000,2026-05-07T13:00:00+00:00,413.36000000,419.95000000,410.65000000,415.84000000,5534.55000000
1778162400000,2026-05-07T14:00:00+00:00,415.83000000,421.89000000,412.36000000,415.00000000,4119.95000000
1778166000000,2026-05-07T15:00:00+00:00,415.00000000,415.16000000,406.73000000,407.61000000,1515.43000000
1778169600000,2026-05-07T16:00:00+00:00,407.74000000,409.25000000,403.11000000,407.59000000,2128.29000000
1778173200000,2026-05-07T17:00:00+00:00,407.59000000,408.23000000,399.65000000,408.13000000,2320.44000000
1778176800000,2026-05-07T18:00:00+00:00,408.23000000,409.28000000,405.01000000,407.31000000,975.10000000
1778180400000,2026-05-07T19:00:00+00:00,407.13000000,410.28000000,405.63000000,408.65000000,686.70000000
1778184000000,2026-05-07T20:00:00+00:00,408.82000000,410.15000000,407.46000000,407.98000000,455.82000000
1778187600000,2026-05-07T21:00:00+00:00,407.91000000,408.10000000,402.62000000,404.06000000,453.83000000
1778191200000,2026-05-07T22:00:00+00:00,404.12000000,408.64000000,404.06000000,406.49000000,649.50000000
1778194800000,2026-05-07T23:00:00+00:00,406.52000000,408.48000000,406.46000000,408.12000000,415.46000000
1778198400000,2026-05-08T00:00:00+00:00,408.00000000,410.99000000,408.00000000,410.81000000,258.66000000
1778202000000,2026-05-08T01:00:00+00:00,410.83000000,412.17000000,410.30000000,410.75000000,247.89000000
1778205600000,2026-05-08T02:00:00+00:00,410.65000000,411.09000000,409.30000000,410.62000000,214.81000000
1778209200000,2026-05-08T03:00:00+00:00,410.53000000,411.39000000,409.90000000,411.07000000,142.34000000
1778212800000,2026-05-08T04:00:00+00:00,411.07000000,411.99000000,410.54000000,411.26000000,182.53000000
1778216400000,2026-05-08T05:00:00+00:00,411.31000000,412.86000000,411.00000000,412.29000000,243.64000000
1778220000000,2026-05-08T06:00:00+00:00,412.50000000,413.51000000,411.49000000,413.36000000,239.34000000
1778223600000,2026-05-08T07:00:00+00:00,413.38000000,414.13000000,412.37000000,413.71000000,258.17000000
1778227200000,2026-05-08T08:00:00+00:00,413.71000000,416.62000000,413.71000000,415.96000000,549.26000000
1778230800000,2026-05-08T09:00:00+00:00,415.96000000,417.36000000,413.69000000,414.47000000,659.99000000
1778234400000,2026-05-08T10:00:00+00:00,414.54000000,416.37000000,414.08000000,414.08000000,395.93000000
1778238000000,2026-05-08T11:00:00+00:00,414.28000000,416.72000000,413.93000000,415.37000000,323.21000000
1778241600000,2026-05-08T12:00:00+00:00,415.25000000,418.41000000,414.67000000,417.11000000,711.47000000
1778245200000,2026-05-08T13:00:00+00:00,417.17000000,435.18000000,415.58000000,432.84000000,5140.32000000
1778248800000,2026-05-08T14:00:00+00:00,432.67000000,441.41000000,432.10000000,436.33000000,4823.00000000
1778252400000,2026-05-08T15:00:00+00:00,436.47000000,445.29000000,434.56000000,441.99000000,3484.06000000
1778256000000,2026-05-08T16:00:00+00:00,441.97000000,446.56000000,440.02000000,442.93000000,2739.22000000
1778259600000,2026-05-08T17:00:00+00:00,442.92000000,449.00000000,442.81000000,444.66000000,2751.83000000
1778263200000,2026-05-08T18:00:00+00:00,444.68000000,448.93000000,443.49000000,445.53000000,1859.95000000
1778266800000,2026-05-08T19:00:00+00:00,445.53000000,456.62000000,445.46000000,455.80000000,1840.29000000
1778270400000,2026-05-08T20:00:00+00:00,455.86000000,457.16000000,454.07000000,455.06000000,918.61000000
1778274000000,2026-05-08T21:00:00+00:00,454.96000000,458.23000000,454.68000000,457.59000000,427.28000000
1778277600000,2026-05-08T22:00:00+00:00,457.42000000,464.45000000,457.24000000,460.02000000,1272.09000000
1778281200000,2026-05-08T23:00:00+00:00,459.87000000,462.00000000,458.91000000,461.54000000,468.30000000
1778284800000,2026-05-09T00:00:00+00:00,461.62000000,461.65000000,460.90000000,461.35000000,509.72000000
1778288400000,2026-05-09T01:00:00+00:00,461.37000000,461.44000000,460.86000000,461.19000000,286.98000000
1778292000000,2026-05-09T02:00:00+00:00,461.11000000,461.60000000,461.05000000,461.37000000,386.11000000
1778295600000,2026-05-09T03:00:00+00:00,461.40000000,461.50000000,461.05000000,461.20000000,179.86000000
1778299200000,2026-05-09T04:00:00+00:00,461.25000000,461.30000000,461.08000000,461.22000000,206.30000000
1778302800000,2026-05-09T05:00:00+00:00,461.18000000,461.50000000,461.16000000,461.23000000,191.91000000
1778306400000,2026-05-09T06:00:00+00:00,461.30000000,461.50000000,460.85000000,461.04000000,406.08000000
1778310000000,2026-05-09T07:00:00+00:00,461.07000000,461.43000000,460.81000000,461.01000000,348.53000000
1778313600000,2026-05-09T08:00:00+00:00,461.09000000,461.45000000,460.86000000,461.04000000,205.49000000
1778317200000,2026-05-09T09:00:00+00:00,461.11000000,461.30000000,460.81000000,461.16000000,295.18000000
1778320800000,2026-05-09T10:00:00+00:00,461.08000000,461.46000000,461.00000000,461.35000000,214.54000000
1778324400000,2026-05-09T11:00:00+00:00,461.35000000,461.50000000,461.18000000,461.28000000,217.86000000
1778328000000,2026-05-09T12:00:00+00:00,461.30000000,461.50000000,460.87000000,461.37000000,255.05000000
1778331600000,2026-05-09T13:00:00+00:00,461.38000000,461.47000000,460.76000000,461.00000000,238.27000000
1778335200000,2026-05-09T14:00:00+00:00,460.96000000,461.31000000,460.74000000,460.98000000,205.38000000
1778338800000,2026-05-09T15:00:00+00:00,460.94000000,461.44000000,460.65000000,461.10000000,175.00000000
1778342400000,2026-05-09T16:00:00+00:00,461.10000000,461.46000000,460.83000000,460.91000000,128.68000000
1778346000000,2026-05-09T17:00:00+00:00,460.90000000,461.40000000,460.89000000,461.15000000,91.38000000
1778349600000,2026-05-09T18:00:00+00:00,461.19000000,461.46000000,460.82000000,461.13000000,119.85000000
1778353200000,2026-05-09T19:00:00+00:00,460.97000000,461.26000000,460.65000000,460.76000000,62.06000000
1778356800000,2026-05-09T20:00:00+00:00,460.74000000,461.46000000,460.65000000,461.08000000,144.00000000
1778360400000,2026-05-09T21:00:00+00:00,461.17000000,461.50000000,460.82000000,461.42000000,140.07000000
1778364000000,2026-05-09T22:00:00+00:00,461.38000000,462.10000000,461.33000000,462.02000000,607.68000000
1778367600000,2026-05-09T23:00:00+00:00,462.03000000,462.10000000,461.45000000,461.64000000,105.27000000
1778371200000,2026-05-10T00:00:00+00:00,461.62000000,462.15000000,461.49000000,461.98000000,164.18000000
1778374800000,2026-05-10T01:00:00+00:00,461.90000000,462.68000000,461.50000000,462.22000000,188.63000000
1778378400000,2026-05-10T02:00:00+00:00,462.20000000,463.07000000,461.91000000,461.99000000,427.32000000
1778382000000,2026-05-10T03:00:00+00:00,461.96000000,462.50000000,461.74000000,462.40000000,371.80000000
1778385600000,2026-05-10T04:00:00+00:00,462.46000000,464.14000000,462.02000000,462.87000000,467.68000000
1778389200000,2026-05-10T05:00:00+00:00,462.86000000,463.10000000,462.27000000,462.92000000,276.88000000
1778392800000,2026-05-10T06:00:00+00:00,462.96000000,463.06000000,462.54000000,462.91000000,377.45000000
1778396400000,2026-05-10T07:00:00+00:00,462.91000000,463.80000000,461.23000000,461.23000000,894.88000000
1778400000000,2026-05-10T08:00:00+00:00,461.17000000,465.88000000,461.17000000,463.58000000,1012.04000000
1778403600000,2026-05-10T09:00:00+00:00,463.58000000,463.91000000,462.92000000,463.16000000,347.26000000
1778407200000,2026-05-10T10:00:00+00:00,463.19000000,463.97000000,463.06000000,463.71000000,389.87000000
1778410800000,2026-05-10T11:00:00+00:00,463.71000000,463.81000000,462.45000000,462.57000000,227.71000000
1778414400000,2026-05-10T12:00:00+00:00,462.58000000,463.17000000,462.07000000,462.88000000,388.70000000
1778418000000,2026-05-10T13:00:00+00:00,462.88000000,463.08000000,462.47000000,462.67000000,263.61000000
1778421600000,2026-05-10T14:00:00+00:00,462.67000000,462.85000000,462.29000000,462.55000000,222.17000000
1778425200000,2026-05-10T15:00:00+00:00,462.54000000,463.02000000,462.51000000,462.53000000,1118.43000000
1778428800000,2026-05-10T16:00:00+00:00,462.68000000,466.12000000,462.64000000,463.23000000,1469.97000000
1778432400000,2026-05-10T17:00:00+00:00,463.20000000,465.66000000,463.07000000,463.71000000,154.99000000
1778436000000,2026-05-10T18:00:00+00:00,463.67000000,464.79000000,462.60000000,462.60000000,228.20000000
1778439600000,2026-05-10T19:00:00+00:00,462.69000000,464.35000000,462.53000000,462.84000000,244.27000000
1778443200000,2026-05-10T20:00:00+00:00,463.06000000,463.08000000,458.72000000,458.87000000,972.94000000
1778446800000,2026-05-10T21:00:00+00:00,458.81000000,459.00000000,451.38000000,452.60000000,1167.40000000
1778450400000,2026-05-10T22:00:00+00:00,452.58000000,460.16000000,452.04000000,459.36000000,1307.45000000
1778454000000,2026-05-10T23:00:00+00:00,459.38000000,461.03000000,458.55000000,460.03000000,854.53000000
1778457600000,2026-05-11T00:00:00+00:00,459.59000000,473.66000000,458.36000000,467.09000000,3353.97000000
1778461200000,2026-05-11T01:00:00+00:00,467.76000000,467.76000000,460.00000000,462.79000000,1686.36000000
1778464800000,2026-05-11T02:00:00+00:00,462.80000000,465.08000000,462.68000000,464.02000000,423.06000000
1778468400000,2026-05-11T03:00:00+00:00,463.90000000,464.10000000,462.10000000,462.65000000,1796.61000000
1778472000000,2026-05-11T04:00:00+00:00,462.60000000,464.56000000,461.10000000,463.15000000,823.04000000
1778475600000,2026-05-11T05:00:00+00:00,463.38000000,464.04000000,461.41000000,461.47000000,1102.47000000
1778479200000,2026-05-11T06:00:00+00:00,461.51000000,462.61000000,459.87000000,460.95000000,637.96000000
1778482800000,2026-05-11T07:00:00+00:00,460.75000000,461.38000000,455.29000000,458.36000000,1454.47000000
1778486400000,2026-05-11T08:00:00+00:00,458.26000000,459.89000000,451.40000000,457.96000000,3346.73000000
1778490000000,2026-05-11T09:00:00+00:00,457.92000000,468.56000000,457.78000000,464.33000000,2328.02000000
1778493600000,2026-05-11T10:00:00+00:00,464.29000000,466.24000000,459.71000000,460.91000000,2329.83000000
1778497200000,2026-05-11T11:00:00+00:00,460.83000000,472.93000000,460.83000000,470.88000000,4505.08000000
1778500800000,2026-05-11T12:00:00+00:00,470.81000000,471.93000000,462.92000000,466.18000000,5336.01000000
1778504400000,2026-05-11T13:00:00+00:00,466.25000000,468.54000000,452.88000000,455.41000000,11904.53000000
1778508000000,2026-05-11T14:00:00+00:00,455.42000000,463.94000000,451.64000000,457.69000000,7692.66000000
1778511600000,2026-05-11T15:00:00+00:00,457.66000000,465.69000000,456.68000000,465.47000000,5317.92000000
1778515200000,2026-05-11T16:00:00+00:00,465.62000000,467.20000000,463.35000000,465.08000000,2816.13000000
1778518800000,2026-05-11T17:00:00+00:00,465.10000000,468.29000000,462.25000000,466.43000000,1738.01000000
1778522400000,2026-05-11T18:00:00+00:00,466.39000000,469.65000000,463.59000000,463.88000000,1759.33000000
1778526000000,2026-05-11T19:00:00+00:00,463.95000000,467.12000000,456.88000000,459.30000000,2492.68000000
1778529600000,2026-05-11T20:00:00+00:00,459.32000000,459.55000000,457.50000000,458.59000000,633.34000000
1778533200000,2026-05-11T21:00:00+00:00,458.54000000,458.94000000,457.49000000,458.69000000,308.89000000
1778536800000,2026-05-11T22:00:00+00:00,458.66000000,459.74000000,458.66000000,459.16000000,365.61000000
1778540400000,2026-05-11T23:00:00+00:00,459.18000000,459.86000000,457.39000000,458.67000000,423.19000000
1778544000000,2026-05-12T00:00:00+00:00,458.62000000,458.83000000,456.30000000,456.98000000,472.65000000
1778547600000,2026-05-12T01:00:00+00:00,456.86000000,457.31000000,443.23000000,451.11000000,2826.60000000
1778551200000,2026-05-12T02:00:00+00:00,451.28000000,454.37000000,450.44000000,453.44000000,725.18000000
1778554800000,2026-05-12T03:00:00+00:00,453.53000000,454.03000000,450.32000000,450.32000000,741.07000000
1778558400000,2026-05-12T04:00:00+00:00,450.32000000,451.26000000,448.14000000,448.19000000,279.23000000
1778562000000,2026-05-12T05:00:00+00:00,448.05000000,451.39000000,447.84000000,450.33000000,705.32000000
1778565600000,2026-05-12T06:00:00+00:00,450.23000000,450.63000000,447.02000000,447.22000000,478.28000000
1778569200000,2026-05-12T07:00:00+00:00,447.32000000,450.09000000,444.55000000,449.15000000,1158.44000000
1778572800000,2026-05-12T08:00:00+00:00,449.17000000,451.50000000,446.26000000,451.17000000,1985.02000000
1778576400000,2026-05-12T09:00:00+00:00,451.09000000,453.80000000,449.49000000,451.33000000,4148.16000000
1778580000000,2026-05-12T10:00:00+00:00,451.40000000,452.83000000,448.13000000,448.77000000,2471.49000000
1778583600000,2026-05-12T11:00:00+00:00,448.81000000,449.45000000,446.26000000,448.03000000,2105.99000000
1778587200000,2026-05-12T12:00:00+00:00,447.86000000,451.15000000,445.19000000,446.85000000,3462.87000000
1778590800000,2026-05-12T13:00:00+00:00,447.05000000,459.64000000,443.42000000,449.79000000,8379.82000000
1778594400000,2026-05-12T14:00:00+00:00,449.66000000,455.60000000,443.00000000,444.03000000,13405.08000000
1778598000000,2026-05-12T15:00:00+00:00,443.90000000,445.55000000,432.94000000,433.20000000,11136.84000000
1778601600000,2026-05-12T16:00:00+00:00,433.31000000,437.31000000,426.68000000,427.39000000,5068.78000000
1778605200000,2026-05-12T17:00:00+00:00,427.51000000,439.10000000,427.51000000,436.79000000,2875.83000000
1778608800000,2026-05-12T18:00:00+00:00,436.77000000,441.66000000,436.10000000,437.23000000,2239.54000000
1778612400000,2026-05-12T19:00:00+00:00,437.37000000,449.00000000,437.27000000,448.54000000,2300.28000000
1778616000000,2026-05-12T20:00:00+00:00,448.57000000,450.47000000,447.25000000,449.71000000,578.68000000
1778619600000,2026-05-12T21:00:00+00:00,449.73000000,450.42000000,449.15000000,450.14000000,369.48000000
1778623200000,2026-05-12T22:00:00+00:00,450.12000000,450.55000000,448.69000000,448.73000000,553.54000000
1778626800000,2026-05-12T23:00:00+00:00,448.71000000,449.19000000,444.47000000,445.12000000,959.82000000
1778630400000,2026-05-13T00:00:00+00:00,445.05000000,448.04000000,444.55000000,447.52000000,508.02000000
1778634000000,2026-05-13T01:00:00+00:00,447.60000000,451.51000000,447.60000000,449.73000000,869.87000000
1778637600000,2026-05-13T02:00:00+00:00,449.88000000,452.84000000,449.55000000,451.20000000,573.63000000
1778641200000,2026-05-13T03:00:00+00:00,451.20000000,453.40000000,450.24000000,452.82000000,360.90000000
1778644800000,2026-05-13T04:00:00+00:00,452.86000000,456.34000000,452.25000000,455.33000000,846.56000000
1778648400000,2026-05-13T05:00:00+00:00,455.24000000,457.02000000,454.11000000,456.65000000,1008.99000000
1778652000000,2026-05-13T06:00:00+00:00,456.63000000,457.71000000,453.59000000,455.06000000,1330.94000000
1778655600000,2026-05-13T07:00:00+00:00,455.07000000,457.68000000,454.18000000,457.31000000,2668.36000000
1778659200000,2026-05-13T08:00:00+00:00,457.31000000,464.78000000,457.04000000,461.66000000,6434.25000000
1778662800000,2026-05-13T09:00:00+00:00,461.66000000,461.97000000,458.87000000,460.75000000,2505.05000000
1778666400000,2026-05-13T10:00:00+00:00,460.60000000,461.01000000,456.89000000,457.22000000,1125.41000000
1778670000000,2026-05-13T11:00:00+00:00,457.22000000,458.85000000,456.20000000,458.14000000,709.17000000
1778673600000,2026-05-13T12:00:00+00:00,458.29000000,459.43000000,450.52000000,451.24000000,5156.08000000
1778677200000,2026-05-13T13:00:00+00:00,451.28000000,459.55000000,437.85000000,439.80000000,12860.00000000
1778680800000,2026-05-13T14:00:00+00:00,439.80000000,446.02000000,433.21000000,445.60000000,11628.64000000
1778684400000,2026-05-13T15:00:00+00:00,445.66000000,449.41000000,444.11000000,445.68000000,6814.82000000
1778688000000,2026-05-13T16:00:00+00:00,445.68000000,449.68000000,444.95000000,448.81000000,2999.53000000
1778691600000,2026-05-13T17:00:00+00:00,448.78000000,452.23000000,448.00000000,448.32000000,1963.25000000
1778695200000,2026-05-13T18:00:00+00:00,448.33000000,451.93000000,445.61000000,445.99000000,3123.23000000
1778698800000,2026-05-13T19:00:00+00:00,445.96000000,450.01000000,444.81000000,445.94000000,1645.97000000
1778702400000,2026-05-13T20:00:00+00:00,445.91000000,446.71000000,445.05000000,446.38000000,301.26000000
1778706000000,2026-05-13T21:00:00+00:00,446.59000000,446.62000000,444.55000000,444.96000000,295.87000000
1778709600000,2026-05-13T22:00:00+00:00,444.88000000,445.98000000,443.69000000,445.66000000,468.50000000
1778713200000,2026-05-13T23:00:00+00:00,445.72000000,446.63000000,444.94000000,446.60000000,162.73000000
1778716800000,2026-05-14T00:00:00+00:00,446.65000000,450.55000000,445.30000000,450.01000000,542.56000000
1778720400000,2026-05-14T01:00:00+00:00,449.99000000,450.18000000,446.09000000,446.11000000,451.89000000
1778724000000,2026-05-14T02:00:00+00:00,446.24000000,447.24000000,444.41000000,444.54000000,298.40000000
1778727600000,2026-05-14T03:00:00+00:00,444.46000000,445.90000000,442.27000000,442.96000000,547.47000000
1778731200000,2026-05-14T04:00:00+00:00,442.95000000,444.97000000,442.22000000,443.83000000,343.37000000
1778734800000,2026-05-14T05:00:00+00:00,443.91000000,446.27000000,442.32000000,446.12000000,686.87000000
1778738400000,2026-05-14T06:00:00+00:00,446.27000000,447.79000000,444.90000000,444.90000000,999.44000000
1778742000000,2026-05-14T07:00:00+00:00,444.90000000,446.27000000,444.15000000,445.19000000,320.37000000
1778745600000,2026-05-14T08:00:00+00:00,445.41000000,445.59000000,439.22000000,441.14000000,1504.76000000
1778749200000,2026-05-14T09:00:00+00:00,441.21000000,442.04000000,437.49000000,439.92000000,1594.91000000
1778752800000,2026-05-14T10:00:00+00:00,439.98000000,441.61000000,434.55000000,438.35000000,3517.74000000
1778756400000,2026-05-14T11:00:00+00:00,438.19000000,440.09000000,436.44000000,438.78000000,1771.43000000
1778760000000,2026-05-14T12:00:00+00:00,438.64000000,440.46000000,435.12000000,436.77000000,2122.02000000
1778763600000,2026-05-14T13:00:00+00:00,436.62000000,451.46000000,434.30000000,446.38000000,13893.24000000
1778767200000,2026-05-14T14:00:00+00:00,446.29000000,453.64000000,442.74000000,451.31000000,6229.65000000
1778770800000,2026-05-14T15:00:00+00:00,451.43000000,453.65000000,448.99000000,449.62000000,2367.14000000
1778774400000,2026-05-14T16:00:00+00:00,449.61000000,451.60000000,448.05000000,449.47000000,1180.03000000
1778778000000,2026-05-14T17:00:00+00:00,449.50000000,450.37000000,442.49000000,448.84000000,2364.91000000
1778781600000,2026-05-14T18:00:00+00:00,448.81000000,448.81000000,445.00000000,446.90000000,2101.53000000
1778785200000,2026-05-14T19:00:00+00:00,447.04000000,452.38000000,446.25000000,450.28000000,1223.10000000
1778788800000,2026-05-14T20:00:00+00:00,450.15000000,450.45000000,447.40000000,448.29000000,369.02000000
1778792400000,2026-05-14T21:00:00+00:00,448.29000000,449.25000000,448.20000000,449.02000000,231.42000000
1778796000000,2026-05-14T22:00:00+00:00,448.96000000,449.44000000,448.19000000,448.72000000,134.43000000
1778799600000,2026-05-14T23:00:00+00:00,448.69000000,449.92000000,447.87000000,448.17000000,58.40000000
1778803200000,2026-05-15T00:00:00+00:00,448.08000000,448.60000000,445.14000000,446.36000000,214.03000000
1778806800000,2026-05-15T01:00:00+00:00,446.19000000,446.70000000,442.12000000,442.39000000,352.24000000
1778810400000,2026-05-15T02:00:00+00:00,442.38000000,444.20000000,439.10000000,442.93000000,731.41000000
1778814000000,2026-05-15T03:00:00+00:00,443.20000000,444.17000000,440.44000000,441.26000000,230.39000000
1778817600000,2026-05-15T04:00:00+00:00,441.32000000,441.32000000,436.66000000,436.73000000,503.41000000
1778821200000,2026-05-15T05:00:00+00:00,436.75000000,437.01000000,432.32000000,432.36000000,734.78000000
1778824800000,2026-05-15T06:00:00+00:00,432.35000000,438.35000000,430.70000000,437.48000000,936.17000000
1778828400000,2026-05-15T07:00:00+00:00,437.48000000,441.02000000,433.77000000,438.45000000,1384.79000000
1778832000000,2026-05-15T08:00:00+00:00,438.55000000,438.60000000,433.77000000,435.43000000,844.42000000
1778835600000,2026-05-15T09:00:00+00:00,435.56000000,436.15000000,431.63000000,433.39000000,875.85000000
1778839200000,2026-05-15T10:00:00+00:00,433.38000000,437.77000000,432.98000000,436.78000000,1022.94000000
1778842800000,2026-05-15T11:00:00+00:00,436.99000000,438.43000000,435.00000000,435.12000000,828.55000000
1778846400000,2026-05-15T12:00:00+00:00,435.17000000,435.53000000,432.08000000,434.29000000,1332.86000000
1778850000000,2026-05-15T13:00:00+00:00,434.25000000,437.43000000,426.73000000,428.32000000,8012.63000000
1778853600000,2026-05-15T14:00:00+00:00,428.48000000,439.41000000,426.88000000,431.56000000,6415.15000000
1778857200000,2026-05-15T15:00:00+00:00,431.52000000,437.12000000,431.32000000,433.29000000,2670.05000000
1778860800000,2026-05-15T16:00:00+00:00,433.25000000,434.43000000,430.94000000,431.73000000,1793.84000000
1778864400000,2026-05-15T17:00:00+00:00,431.76000000,435.39000000,431.50000000,434.92000000,1441.45000000
1778868000000,2026-05-15T18:00:00+00:00,434.77000000,436.47000000,431.16000000,432.65000000,722.48000000
1778871600000,2026-05-15T19:00:00+00:00,432.78000000,433.12000000,424.38000000,424.61000000,1337.02000000
1778875200000,2026-05-15T20:00:00+00:00,424.74000000,425.22000000,422.87000000,423.94000000,361.12000000
1778878800000,2026-05-15T21:00:00+00:00,423.85000000,424.54000000,423.09000000,423.65000000,421.70000000
1778882400000,2026-05-15T22:00:00+00:00,423.51000000,423.87000000,422.20000000,422.69000000,85.27000000
1778886000000,2026-05-15T23:00:00+00:00,422.66000000,422.73000000,420.01000000,420.79000000,508.95000000
1778889600000,2026-05-16T00:00:00+00:00,421.01000000,421.01000000,418.92000000,419.10000000,146.31000000
1778893200000,2026-05-16T01:00:00+00:00,419.20000000,419.54000000,418.40000000,418.67000000,261.92000000
1778896800000,2026-05-16T02:00:00+00:00,418.72000000,421.14000000,418.59000000,420.98000000,117.42000000
1778900400000,2026-05-16T03:00:00+00:00,420.99000000,421.10000000,419.63000000,420.95000000,176.99000000
1778904000000,2026-05-16T04:00:00+00:00,420.95000000,421.14000000,420.25000000,420.64000000,61.85000000
1778907600000,2026-05-16T05:00:00+00:00,420.60000000,420.87000000,420.43000000,420.71000000,14.41000000
1778911200000,2026-05-16T06:00:00+00:00,420.55000000,420.95000000,419.24000000,419.25000000,78.09000000
1778914800000,2026-05-16T07:00:00+00:00,419.24000000,419.52000000,417.88000000,419.01000000,307.66000000
1778918400000,2026-05-16T08:00:00+00:00,419.04000000,419.76000000,418.74000000,419.54000000,78.03000000
1778922000000,2026-05-16T09:00:00+00:00,419.55000000,419.78000000,418.00000000,418.68000000,66.95000000
1778925600000,2026-05-16T10:00:00+00:00,418.83000000,418.83000000,417.47000000,418.27000000,249.92000000
1778929200000,2026-05-16T11:00:00+00:00,418.42000000,419.03000000,417.86000000,418.43000000,135.34000000
1778932800000,2026-05-16T12:00:00+00:00,418.43000000,418.92000000,417.94000000,418.23000000,86.54000000
1778936400000,2026-05-16T13:00:00+00:00,418.23000000,418.96000000,417.94000000,418.09000000,129.39000000
1778940000000,2026-05-16T14:00:00+00:00,418.10000000,418.34000000,417.77000000,418.00000000,53.13000000
1778943600000,2026-05-16T15:00:00+00:00,418.15000000,418.58000000,417.86000000,418.09000000,36.68000000
1778947200000,2026-05-16T16:00:00+00:00,418.23000000,419.12000000,418.12000000,419.07000000,134.53000000
1778950800000,2026-05-16T17:00:00+00:00,419.04000000,420.28000000,419.01000000,419.87000000,77.80000000
1778954400000,2026-05-16T18:00:00+00:00,419.87000000,421.06000000,419.87000000,420.37000000,42.48000000
1778958000000,2026-05-16T19:00:00+00:00,420.36000000,420.36000000,419.55000000,419.55000000,52.63000000
1778961600000,2026-05-16T20:00:00+00:00,419.55000000,419.76000000,419.25000000,419.46000000,7.59000000
1778965200000,2026-05-16T21:00:00+00:00,419.50000000,420.26000000,419.16000000,419.69000000,51.99000000
1778968800000,2026-05-16T22:00:00+00:00,419.93000000,419.98000000,418.47000000,418.71000000,55.94000000
1778972400000,2026-05-16T23:00:00+00:00,418.54000000,419.37000000,418.54000000,419.19000000,41.41000000
1778976000000,2026-05-17T00:00:00+00:00,419.29000000,420.16000000,418.56000000,418.76000000,165.45000000
1778979600000,2026-05-17T01:00:00+00:00,418.69000000,419.08000000,417.56000000,417.58000000,119.42000000
1778983200000,2026-05-17T02:00:00+00:00,417.69000000,418.53000000,417.35000000,418.42000000,35.61000000
1778986800000,2026-05-17T03:00:00+00:00,418.36000000,420.75000000,418.17000000,419.85000000,125.98000000
1778990400000,2026-05-17T04:00:00+00:00,419.99000000,420.58000000,419.85000000,419.90000000,34.58000000
1778994000000,2026-05-17T05:00:00+00:00,419.89000000,420.24000000,419.40000000,419.60000000,19.15000000
1778997600000,2026-05-17T06:00:00+00:00,419.46000000,420.60000000,419.16000000,420.00000000,157.15000000
1779001200000,2026-05-17T07:00:00+00:00,420.00000000,420.06000000,419.59000000,419.59000000,11.38000000
1779004800000,2026-05-17T08:00:00+00:00,419.56000000,420.41000000,419.36000000,420.08000000,61.37000000
1779008400000,2026-05-17T09:00:00+00:00,420.22000000,421.13000000,420.04000000,420.99000000,23.69000000
1779012000000,2026-05-17T10:00:00+00:00,421.14000000,421.80000000,420.93000000,421.53000000,137.22000000
1779015600000,2026-05-17T11:00:00+00:00,421.49000000,422.05000000,421.12000000,422.01000000,65.88000000
1779019200000,2026-05-17T12:00:00+00:00,421.93000000,422.07000000,421.26000000,421.55000000,81.57000000
1779022800000,2026-05-17T13:00:00+00:00,421.48000000,422.46000000,421.09000000,422.45000000,218.84000000
1779026400000,2026-05-17T14:00:00+00:00,422.43000000,422.43000000,420.78000000,421.40000000,90.33000000
1779030000000,2026-05-17T15:00:00+00:00,421.36000000,422.27000000,420.88000000,422.19000000,80.86000000
1779033600000,2026-05-17T16:00:00+00:00,422.17000000,422.80000000,421.98000000,422.01000000,69.41000000
1779037200000,2026-05-17T17:00:00+00:00,421.89000000,421.97000000,420.41000000,421.44000000,142.23000000
1779040800000,2026-05-17T18:00:00+00:00,421.53000000,422.05000000,421.20000000,421.64000000,93.28000000
1779044400000,2026-05-17T19:00:00+00:00,421.57000000,423.23000000,421.45000000,422.63000000,78.11000000
1779048000000,2026-05-17T20:00:00+00:00,422.66000000,423.06000000,421.95000000,422.69000000,97.81000000
1779051600000,2026-05-17T21:00:00+00:00,422.70000000,423.32000000,422.64000000,422.99000000,90.70000000
1779055200000,2026-05-17T22:00:00+00:00,422.87000000,423.35000000,421.42000000,422.15000000,480.81000000
1779058800000,2026-05-17T23:00:00+00:00,422.26000000,422.54000000,418.00000000,419.77000000,460.07000000
1779062400000,2026-05-18T00:00:00+00:00,419.85000000,420.39000000,412.39000000,417.42000000,1181.94000000
1779066000000,2026-05-18T01:00:00+00:00,417.51000000,419.50000000,414.54000000,418.80000000,750.53000000
1779069600000,2026-05-18T02:00:00+00:00,418.71000000,421.87000000,417.12000000,419.00000000,505.47000000
1779073200000,2026-05-18T03:00:00+00:00,418.85000000,422.03000000,418.85000000,421.77000000,533.46000000
1779076800000,2026-05-18T04:00:00+00:00,421.74000000,423.04000000,420.05000000,420.23000000,435.83000000
1779080400000,2026-05-18T05:00:00+00:00,420.32000000,421.75000000,419.88000000,420.73000000,194.74000000
1779084000000,2026-05-18T06:00:00+00:00,420.52000000,421.83000000,419.23000000,421.81000000,239.18000000
1779087600000,2026-05-18T07:00:00+00:00,421.83000000,424.60000000,421.12000000,423.42000000,461.82000000
1779091200000,2026-05-18T08:00:00+00:00,423.42000000,429.97000000,423.15000000,428.29000000,1051.94000000
1779094800000,2026-05-18T09:00:00+00:00,428.30000000,428.40000000,425.83000000,426.70000000,437.41000000
1779098400000,2026-05-18T10:00:00+00:00,426.81000000,426.90000000,421.70000000,423.39000000,784.95000000
1779102000000,2026-05-18T11:00:00+00:00,423.24000000,427.69000000,420.60000000,425.78000000,1119.43000000
1779105600000,2026-05-18T12:00:00+00:00,425.64000000,429.54000000,425.41000000,429.33000000,1082.15000000
1779109200000,2026-05-18T13:00:00+00:00,429.38000000,438.94000000,422.83000000,424.91000000,7420.04000000
1779112800000,2026-05-18T14:00:00+00:00,424.59000000,425.03000000,411.84000000,417.03000000,8349.88000000
1779116400000,2026-05-18T15:00:00+00:00,417.12000000,424.08000000,415.43000000,421.45000000,4882.25000000
1779120000000,2026-05-18T16:00:00+00:00,421.53000000,421.79000000,412.53000000,419.03000000,3664.21000000
1779123600000,2026-05-18T17:00:00+00:00,419.10000000,420.26000000,415.38000000,416.95000000,2737.15000000
1779127200000,2026-05-18T18:00:00+00:00,417.10000000,417.20000000,411.07000000,414.50000000,1607.65000000
1779130800000,2026-05-18T19:00:00+00:00,414.57000000,422.18000000,413.71000000,421.41000000,2713.79000000
1779134400000,2026-05-18T20:00:00+00:00,421.46000000,422.00000000,420.04000000,421.28000000,372.63000000
1779138000000,2026-05-18T21:00:00+00:00,421.33000000,423.87000000,421.17000000,423.87000000,303.91000000
1779141600000,2026-05-18T22:00:00+00:00,423.69000000,425.06000000,423.25000000,424.23000000,170.09000000
1779145200000,2026-05-18T23:00:00+00:00,424.10000000,424.45000000,422.35000000,422.88000000,114.86000000
1779148800000,2026-05-19T00:00:00+00:00,422.94000000,423.79000000,420.14000000,420.22000000,552.71000000
1779152400000,2026-05-19T01:00:00+00:00,420.24000000,420.59000000,416.90000000,417.67000000,718.76000000
1779156000000,2026-05-19T02:00:00+00:00,417.70000000,418.10000000,415.66000000,416.10000000,677.96000000
1779159600000,2026-05-19T03:00:00+00:00,416.03000000,417.72000000,414.72000000,416.50000000,430.70000000
1779163200000,2026-05-19T04:00:00+00:00,416.46000000,417.53000000,415.61000000,416.98000000,377.32000000
1779166800000,2026-05-19T05:00:00+00:00,417.00000000,417.40000000,415.36000000,416.27000000,428.85000000
1779170400000,2026-05-19T06:00:00+00:00,416.31000000,418.41000000,415.70000000,418.30000000,373.06000000
1779174000000,2026-05-19T07:00:00+00:00,418.24000000,421.89000000,417.99000000,421.00000000,288.74000000
1779177600000,2026-05-19T08:00:00+00:00,420.92000000,421.24000000,416.83000000,417.80000000,555.76000000
1779181200000,2026-05-19T09:00:00+00:00,417.85000000,417.92000000,413.07000000,415.06000000,865.48000000
1779184800000,2026-05-19T10:00:00+00:00,415.05000000,415.71000000,413.24000000,415.21000000,818.62000000
1779188400000,2026-05-19T11:00:00+00:00,415.30000000,416.19000000,413.37000000,413.37000000,251.44000000
1779192000000,2026-05-19T12:00:00+00:00,413.35000000,416.01000000,412.44000000,415.25000000,1664.58000000
1779195600000,2026-05-19T13:00:00+00:00,415.25000000,429.02000000,405.43000000,405.84000000,10478.78000000
1779199200000,2026-05-19T14:00:00+00:00,406.01000000,406.88000000,394.03000000,403.85000000,10633.17000000
1779202800000,2026-05-19T15:00:00+00:00,403.95000000,411.26000000,402.20000000,408.20000000,2764.21000000
1779206400000,2026-05-19T16:00:00+00:00,408.39000000,420.74000000,408.39000000,420.00000000,2351.35000000
1779210000000,2026-05-19T17:00:00+00:00,420.05000000,425.43000000,419.61000000,423.12000000,2693.27000000
1779213600000,2026-05-19T18:00:00+00:00,423.15000000,424.28000000,415.51000000,416.45000000,1489.12000000
1779217200000,2026-05-19T19:00:00+00:00,416.31000000,421.11000000,412.40000000,414.75000000,1567.53000000
1779220800000,2026-05-19T20:00:00+00:00,414.84000000,415.95000000,414.48000000,414.76000000,510.00000000
1779224400000,2026-05-19T21:00:00+00:00,414.76000000,417.43000000,414.72000000,417.23000000,415.17000000
1779228000000,2026-05-19T22:00:00+00:00,417.24000000,418.15000000,414.81000000,415.86000000,393.69000000
1779231600000,2026-05-19T23:00:00+00:00,415.82000000,417.77000000,415.56000000,417.39000000,222.36000000
1779235200000,2026-05-20T00:00:00+00:00,417.31000000,417.95000000,410.08000000,413.74000000,1362.78000000
1779238800000,2026-05-20T01:00:00+00:00,413.84000000,416.71000000,412.33000000,416.30000000,520.76000000
1779242400000,2026-05-20T02:00:00+00:00,416.35000000,417.28000000,413.60000000,414.74000000,423.80000000
1779246000000,2026-05-20T03:00:00+00:00,414.66000000,414.69000000,412.21000000,413.59000000,312.02000000
1779249600000,2026-05-20T04:00:00+00:00,413.72000000,414.93000000,413.35000000,413.82000000,365.72000000
1779253200000,2026-05-20T05:00:00+00:00,413.94000000,416.13000000,413.89000000,415.97000000,373.26000000
1779256800000,2026-05-20T06:00:00+00:00,415.97000000,418.67000000,415.97000000,417.93000000,588.70000000
1779260400000,2026-05-20T07:00:00+00:00,417.95000000,420.53000000,417.41000000,419.65000000,861.76000000
1779264000000,2026-05-20T08:00:00+00:00,419.60000000,423.69000000,419.58000000,421.39000000,1778.18000000
1779267600000,2026-05-20T09:00:00+00:00,421.29000000,423.15000000,421.09000000,422.66000000,453.82000000
1779271200000,2026-05-20T10:00:00+00:00,422.69000000,424.59000000,422.59000000,422.87000000,606.99000000
1779274800000,2026-05-20T11:00:00+00:00,422.91000000,424.74000000,421.37000000,422.45000000,514.42000000
1779278400000,2026-05-20T12:00:00+00:00,422.40000000,426.15000000,422.19000000,424.50000000,1353.80000000
1779282000000,2026-05-20T13:00:00+00:00,424.48000000,437.06000000,424.21000000,434.70000000,14759.84000000
1779285600000,2026-05-20T14:00:00+00:00,434.75000000,446.36000000,434.75000000,444.71000000,12839.49000000
1779289200000,2026-05-20T15:00:00+00:00,444.70000000,448.66000000,443.09000000,448.54000000,3855.10000000
1779292800000,2026-05-20T16:00:00+00:00,448.62000000,448.79000000,441.78000000,444.69000000,3072.29000000
1779296400000,2026-05-20T17:00:00+00:00,444.65000000,446.56000000,443.69000000,444.89000000,1290.87000000
1779300000000,2026-05-20T18:00:00+00:00,445.00000000,446.34000000,444.05000000,444.72000000,661.83000000
1779303600000,2026-05-20T19:00:00+00:00,444.77000000,449.70000000,443.75000000,447.86000000,1467.32000000
1779307200000,2026-05-20T20:00:00+00:00,447.86000000,449.61000000,441.01000000,443.95000000,2966.75000000
1779310800000,2026-05-20T21:00:00+00:00,444.00000000,446.65000000,441.80000000,441.81000000,932.00000000
1779314400000,2026-05-20T22:00:00+00:00,441.90000000,442.22000000,434.57000000,439.59000000,3317.11000000
1779318000000,2026-05-20T23:00:00+00:00,439.57000000,440.25000000,437.70000000,440.00000000,448.52000000
1779321600000,2026-05-21T00:00:00+00:00,440.08000000,445.80000000,439.73000000,444.25000000,897.21000000
1779325200000,2026-05-21T01:00:00+00:00,444.25000000,445.52000000,442.25000000,444.39000000,794.50000000
1779328800000,2026-05-21T02:00:00+00:00,444.37000000,447.01000000,444.37000000,446.39000000,574.83000000
1779332400000,2026-05-21T03:00:00+00:00,446.20000000,446.97000000,445.46000000,446.20000000,288.49000000
1779336000000,2026-05-21T04:00:00+00:00,446.19000000,449.79000000,446.18000000,449.64000000,2327.04000000
1779339600000,2026-05-21T05:00:00+00:00,449.72000000,450.27000000,446.85000000,448.89000000,1577.78000000
1779343200000,2026-05-21T06:00:00+00:00,448.76000000,449.72000000,443.60000000,444.20000000,1056.21000000
1779346800000,2026-05-21T07:00:00+00:00,444.16000000,446.22000000,441.51000000,445.68000000,1322.93000000
1779350400000,2026-05-21T08:00:00+00:00,445.65000000,449.69000000,444.40000000,445.57000000,1235.68000000
1779354000000,2026-05-21T09:00:00+00:00,445.55000000,446.93000000,443.65000000,443.65000000,774.86000000
1779357600000,2026-05-21T10:00:00+00:00,443.69000000,444.69000000,440.06000000,442.79000000,1507.86000000
1779361200000,2026-05-21T11:00:00+00:00,442.88000000,443.02000000,437.74000000,439.90000000,2477.05000000
1779364800000,2026-05-21T12:00:00+00:00,439.95000000,440.42000000,434.14000000,434.90000000,1650.64000000
1779368400000,2026-05-21T13:00:00+00:00,434.92000000,448.00000000,434.71000000,441.33000000,14798.80000000
1779372000000,2026-05-21T14:00:00+00:00,441.25000000,442.82000000,432.08000000,435.82000000,8316.84000000
1779375600000,2026-05-21T15:00:00+00:00,435.82000000,443.54000000,434.20000000,441.78000000,4768.30000000
1779379200000,2026-05-21T16:00:00+00:00,441.79000000,444.96000000,440.17000000,441.50000000,2236.32000000
1779382800000,2026-05-21T17:00:00+00:00,441.48000000,447.35000000,441.31000000,445.43000000,1848.14000000
1779386400000,2026-05-21T18:00:00+00:00,445.41000000,447.14000000,442.50000000,444.30000000,1733.75000000
1779390000000,2026-05-21T19:00:00+00:00,444.32000000,451.21000000,443.85000000,449.82000000,2046.58000000
1779393600000,2026-05-21T20:00:00+00:00,449.84000000,449.91000000,448.59000000,449.25000000,393.10000000
1779397200000,2026-05-21T21:00:00+00:00,449.20000000,449.33000000,447.86000000,448.60000000,367.34000000
1779400800000,2026-05-21T22:00:00+00:00,448.65000000,452.23000000,448.40000000,452.07000000,998.26000000
1779404400000,2026-05-21T23:00:00+00:00,452.07000000,452.50000000,451.17000000,452.50000000,601.75000000
1779408000000,2026-05-22T00:00:00+00:00,452.50000000,454.93000000,451.02000000,453.50000000,1223.97000000
1779411600000,2026-05-22T01:00:00+00:00,453.49000000,453.51000000,450.27000000,452.00000000,489.02000000
1779415200000,2026-05-22T02:00:00+00:00,452.00000000,454.44000000,451.66000000,454.16000000,392.52000000
1779418800000,2026-05-22T03:00:00+00:00,454.16000000,455.17000000,453.03000000,454.77000000,543.37000000
1779422400000,2026-05-22T04:00:00+00:00,454.90000000,456.40000000,454.84000000,456.20000000,269.43000000
1779426000000,2026-05-22T05:00:00+00:00,456.26000000,457.57000000,454.46000000,454.46000000,801.09000000
1779429600000,2026-05-22T06:00:00+00:00,454.45000000,456.30000000,453.98000000,455.80000000,535.85000000
1779433200000,2026-05-22T07:00:00+00:00,455.79000000,457.24000000,454.41000000,456.84000000,524.87000000
1779436800000,2026-05-22T08:00:00+00:00,456.83000000,464.74000000,456.64000000,460.92000000,2603.87000000
1779440400000,2026-05-22T09:00:00+00:00,460.90000000,462.12000000,458.20000000,458.42000000,2224.85000000
1779444000000,2026-05-22T10:00:00+00:00,458.45000000,458.55000000,456.12000000,456.85000000,1578.38000000
1779447600000,2026-05-22T11:00:00+00:00,456.94000000,460.52000000,456.49000000,459.59000000,1572.40000000
1779451200000,2026-05-22T12:00:00+00:00,459.85000000,465.66000000,458.67000000,462.97000000,3637.46000000
1779454800000,2026-05-22T13:00:00+00:00,462.83000000,481.65000000,461.57000000,467.05000000,23602.90000000
1779458400000,2026-05-22T14:00:00+00:00,466.85000000,470.73000000,461.96000000,467.73000000,12077.22000000
1779462000000,2026-05-22T15:00:00+00:00,467.80000000,474.25000000,466.99000000,471.40000000,7406.83000000
1779465600000,2026-05-22T16:00:00+00:00,471.28000000,471.32000000,466.30000000,470.41000000,2548.42000000
1779469200000,2026-05-22T17:00:00+00:00,470.41000000,473.86000000,468.65000000,472.55000000,2966.52000000
1779472800000,2026-05-22T18:00:00+00:00,472.51000000,475.30000000,469.65000000,470.43000000,4198.26000000
1779476400000,2026-05-22T19:00:00+00:00,470.52000000,471.08000000,466.44000000,467.88000000,3783.84000000
1779480000000,2026-05-22T20:00:00+00:00,467.78000000,468.29000000,466.35000000,466.80000000,1136.87000000
1779483600000,2026-05-22T21:00:00+00:00,466.81000000,467.43000000,465.54000000,465.73000000,697.85000000
1779487200000,2026-05-22T22:00:00+00:00,465.70000000,466.06000000,463.73000000,464.36000000,765.95000000
1779490800000,2026-05-22T23:00:00+00:00,464.36000000,464.92000000,462.00000000,462.71000000,843.31000000
1779494400000,2026-05-23T00:00:00+00:00,462.62000000,462.68000000,459.74000000,461.52000000,1249.91000000
1779498000000,2026-05-23T01:00:00+00:00,461.64000000,463.92000000,461.52000000,463.79000000,739.90000000
1779501600000,2026-05-23T02:00:00+00:00,463.78000000,464.61000000,462.16000000,464.54000000,615.41000000
1779505200000,2026-05-23T03:00:00+00:00,464.54000000,465.32000000,463.71000000,464.54000000,335.72000000
1779508800000,2026-05-23T04:00:00+00:00,464.55000000,464.64000000,461.96000000,462.38000000,338.67000000
1779512400000,2026-05-23T05:00:00+00:00,462.38000000,463.37000000,461.95000000,463.29000000,245.91000000
1779516000000,2026-05-23T06:00:00+00:00,463.29000000,464.60000000,461.83000000,461.83000000,383.17000000
1779519600000,2026-05-23T07:00:00+00:00,461.83000000,462.15000000,459.38000000,459.62000000,597.24000000
1779523200000,2026-05-23T08:00:00+00:00,459.56000000,461.30000000,458.47000000,461.19000000,567.55000000
1779526800000,2026-05-23T09:00:00+00:00,461.30000000,463.56000000,460.89000000,461.35000000,448.57000000
1779530400000,2026-05-23T10:00:00+00:00,461.39000000,462.39000000,461.05000000,462.11000000,180.89000000
1779534000000,2026-05-23T11:00:00+00:00,462.01000000,462.21000000,461.02000000,461.13000000,93.85000000
1779537600000,2026-05-23T12:00:00+00:00,461.21000000,461.56000000,460.51000000,461.56000000,102.23000000
1779541200000,2026-05-23T13:00:00+00:00,461.57000000,464.48000000,461.57000000,462.85000000,549.88000000
1779544800000,2026-05-23T14:00:00+00:00,462.86000000,467.84000000,462.80000000,467.59000000,1105.18000000
1779548400000,2026-05-23T15:00:00+00:00,467.55000000,468.00000000,465.22000000,467.00000000,606.71000000
1779552000000,2026-05-23T16:00:00+00:00,467.01000000,468.37000000,466.81000000,467.93000000,346.18000000
1779555600000,2026-05-23T17:00:00+00:00,468.00000000,468.93000000,466.71000000,466.89000000,142.59000000
1779559200000,2026-05-23T18:00:00+00:00,466.95000000,475.33000000,466.95000000,472.02000000,1085.42000000
1779562800000,2026-05-23T19:00:00+00:00,472.14000000,474.47000000,471.86000000,474.17000000,259.58000000
1779566400000,2026-05-23T20:00:00+00:00,474.04000000,479.19000000,473.56000000,478.81000000,665.53000000
1779570000000,2026-05-23T21:00:00+00:00,479.15000000,479.65000000,476.42000000,478.50000000,703.81000000
1779573600000,2026-05-23T22:00:00+00:00,478.54000000,479.65000000,476.73000000,477.80000000,664.07000000
1779577200000,2026-05-23T23:00:00+00:00,477.75000000,479.73000000,477.42000000,478.90000000,243.07000000
1779580800000,2026-05-24T00:00:00+00:00,478.95000000,481.08000000,478.16000000,481.08000000,442.37000000
1779584400000,2026-05-24T01:00:00+00:00,480.81000000,482.41000000,478.63000000,481.83000000,381.13000000
1779588000000,2026-05-24T02:00:00+00:00,481.81000000,481.94000000,478.35000000,478.98000000,432.32000000
1779591600000,2026-05-24T03:00:00+00:00,478.99000000,479.17000000,478.00000000,478.41000000,213.31000000
1779595200000,2026-05-24T04:00:00+00:00,478.55000000,480.00000000,476.76000000,479.60000000,210.38000000
1779598800000,2026-05-24T05:00:00+00:00,479.58000000,480.00000000,475.64000000,476.76000000,168.16000000
1779602400000,2026-05-24T06:00:00+00:00,476.86000000,477.49000000,475.00000000,476.69000000,161.43000000
1779606000000,2026-05-24T07:00:00+00:00,476.69000000,479.95000000,476.69000000,478.62000000,562.01000000
1779609600000,2026-05-24T08:00:00+00:00,478.59000000,480.00000000,470.85000000,476.57000000,882.42000000
1779613200000,2026-05-24T09:00:00+00:00,476.63000000,477.86000000,475.33000000,477.12000000,313.61000000
1779616800000,2026-05-24T10:00:00+00:00,477.12000000,480.00000000,475.44000000,479.07000000,253.44000000
1779620400000,2026-05-24T11:00:00+00:00,479.06000000,479.99000000,477.74000000,479.87000000,386.54000000
1779624000000,2026-05-24T12:00:00+00:00,479.88000000,480.00000000,478.16000000,479.52000000,143.53000000
1779627600000,2026-05-24T13:00:00+00:00,479.60000000,480.64000000,478.74000000,479.82000000,329.79000000
1779631200000,2026-05-24T14:00:00+00:00,479.73000000,479.85000000,468.35000000,473.75000000,2337.32000000
1779634800000,2026-05-24T15:00:00+00:00,473.81000000,475.32000000,472.97000000,474.57000000,543.32000000
1779638400000,2026-05-24T16:00:00+00:00,474.60000000,475.89000000,473.95000000,475.34000000,93.63000000
1779642000000,2026-05-24T17:00:00+00:00,475.34000000,477.38000000,475.04000000,475.93000000,207.42000000
1779645600000,2026-05-24T18:00:00+00:00,475.93000000,477.09000000,475.14000000,475.61000000,215.18000000
1779649200000,2026-05-24T19:00:00+00:00,475.55000000,475.89000000,474.63000000,475.54000000,109.47000000
1779652800000,2026-05-24T20:00:00+00:00,475.41000000,475.50000000,473.84000000,473.99000000,224.04000000
1779656400000,2026-05-24T21:00:00+00:00,474.00000000,475.41000000,472.31000000,472.63000000,448.21000000
1779660000000,2026-05-24T22:00:00+00:00,472.65000000,474.19000000,470.94000000,473.07000000,694.25000000
1779663600000,2026-05-24T23:00:00+00:00,473.07000000,475.01000000,472.92000000,473.85000000,232.23000000
1779667200000,2026-05-25T00:00:00+00:00,473.83000000,476.59000000,473.15000000,475.65000000,363.31000000
1779670800000,2026-05-25T01:00:00+00:00,475.55000000,476.16000000,474.63000000,474.80000000,151.84000000
1779674400000,2026-05-25T02:00:00+00:00,474.78000000,476.07000000,474.60000000,476.02000000,140.62000000
1779678000000,2026-05-25T03:00:00+00:00,476.01000000,477.84000000,476.01000000,477.54000000,202.17000000
1779681600000,2026-05-25T04:00:00+00:00,477.60000000,479.00000000,477.26000000,477.85000000,256.69000000
1779685200000,2026-05-25T05:00:00+00:00,477.80000000,479.12000000,477.55000000,477.57000000,211.71000000
1779688800000,2026-05-25T06:00:00+00:00,477.56000000,477.94000000,476.63000000,477.43000000,217.87000000
1779692400000,2026-05-25T07:00:00+00:00,477.43000000,478.62000000,475.41000000,478.43000000,346.83000000
1779696000000,2026-05-25T08:00:00+00:00,478.45000000,478.78000000,477.31000000,478.28000000,234.81000000
1779699600000,2026-05-25T09:00:00+00:00,478.40000000,479.12000000,478.27000000,479.01000000,270.60000000
1779703200000,2026-05-25T10:00:00+00:00,479.01000000,479.12000000,477.80000000,478.74000000,259.65000000
1779706800000,2026-05-25T11:00:00+00:00,478.66000000,479.99000000,477.87000000,479.48000000,432.18000000
1779710400000,2026-05-25T12:00:00+00:00,479.34000000,479.34000000,477.84000000,478.17000000,218.31000000
1779714000000,2026-05-25T13:00:00+00:00,478.12000000,482.75000000,477.55000000,479.45000000,1241.81000000
1779717600000,2026-05-25T14:00:00+00:00,479.43000000,479.62000000,477.20000000,478.98000000,635.22000000
1779721200000,2026-05-25T15:00:00+00:00,478.98000000,480.33000000,478.08000000,478.98000000,378.45000000
1779724800000,2026-05-25T16:00:00+00:00,478.93000000,479.63000000,477.59000000,479.58000000,379.33000000
1779728400000,2026-05-25T17:00:00+00:00,479.51000000,480.49000000,479.35000000,479.43000000,112.65000000
1779732000000,2026-05-25T18:00:00+00:00,479.45000000,481.00000000,479.33000000,479.85000000,200.92000000
1779735600000,2026-05-25T19:00:00+00:00,479.86000000,480.17000000,478.26000000,479.84000000,121.67000000
1779739200000,2026-05-25T20:00:00+00:00,479.85000000,480.35000000,478.67000000,478.83000000,121.44000000
1779742800000,2026-05-25T21:00:00+00:00,478.82000000,480.31000000,478.31000000,478.68000000,283.88000000
1779746400000,2026-05-25T22:00:00+00:00,478.73000000,479.63000000,478.00000000,478.01000000,605.23000000
1779750000000,2026-05-25T23:00:00+00:00,478.00000000,479.05000000,477.48000000,478.60000000,1906.72000000
1779753600000,2026-05-26T00:00:00+00:00,478.63000000,480.41000000,476.18000000,478.16000000,2303.45000000
1779757200000,2026-05-26T01:00:00+00:00,478.11000000,478.17000000,473.95000000,476.55000000,693.80000000
1779760800000,2026-05-26T02:00:00+00:00,476.50000000,478.74000000,475.95000000,477.57000000,3135.52000000
1779764400000,2026-05-26T03:00:00+00:00,477.62000000,479.28000000,477.62000000,478.93000000,616.95000000
1779768000000,2026-05-26T04:00:00+00:00,478.96000000,479.87000000,478.23000000,479.21000000,416.72000000
1779771600000,2026-05-26T05:00:00+00:00,479.12000000,479.65000000,478.16000000,478.54000000,175.67000000
1779775200000,2026-05-26T06:00:00+00:00,478.52000000,479.52000000,477.58000000,479.35000000,179.13000000
1779778800000,2026-05-26T07:00:00+00:00,479.35000000,479.44000000,474.41000000,476.28000000,811.13000000
1779782400000,2026-05-26T08:00:00+00:00,476.19000000,478.74000000,476.06000000,478.55000000,1005.68000000
1779786000000,2026-05-26T09:00:00+00:00,478.55000000,480.25000000,478.24000000,479.43000000,708.80000000
1779789600000,2026-05-26T10:00:00+00:00,479.59000000,484.46000000,479.45000000,481.15000000,1423.46000000
1779793200000,2026-05-26T11:00:00+00:00,481.10000000,482.70000000,480.60000000,481.88000000,1009.39000000
1779796800000,2026-05-26T12:00:00+00:00,481.99000000,483.95000000,480.93000000,483.71000000,1192.82000000
1779800400000,2026-05-26T13:00:00+00:00,483.69000000,495.00000000,480.28000000,494.00000000,13453.47000000
1779804000000,2026-05-26T14:00:00+00:00,494.05000000,497.09000000,488.55000000,490.92000000,6933.68000000
1779807600000,2026-05-26T15:00:00+00:00,490.93000000,492.65000000,485.92000000,488.77000000,4060.53000000
1779811200000,2026-05-26T16:00:00+00:00,488.80000000,497.76000000,488.12000000,497.16000000,3646.01000000
1779814800000,2026-05-26T17:00:00+00:00,497.08000000,498.30000000,495.53000000,496.89000000,1891.74000000
1779818400000,2026-05-26T18:00:00+00:00,496.92000000,501.24000000,495.89000000,499.24000000,3669.76000000
1779822000000,2026-05-26T19:00:00+00:00,499.25000000,507.44000000,499.05000000,504.04000000,3957.37000000
1779825600000,2026-05-26T20:00:00+00:00,504.09000000,506.05000000,503.87000000,504.65000000,747.69000000
1779829200000,2026-05-26T21:00:00+00:00,504.62000000,505.43000000,504.09000000,504.86000000,545.45000000
1779832800000,2026-05-26T22:00:00+00:00,504.86000000,505.83000000,503.48000000,505.15000000,688.53000000
1779836400000,2026-05-26T23:00:00+00:00,505.07000000,510.45000000,504.99000000,508.70000000,1518.96000000
1779840000000,2026-05-27T00:00:00+00:00,508.70000000,512.90000000,506.17000000,506.99000000,2545.66000000
1779843600000,2026-05-27T01:00:00+00:00,506.88000000,510.08000000,505.36000000,508.53000000,1124.56000000
1779847200000,2026-05-27T02:00:00+00:00,508.62000000,511.95000000,508.12000000,510.54000000,1754.56000000
1779850800000,2026-05-27T03:00:00+00:00,510.47000000,511.30000000,509.26000000,509.44000000,709.61000000
1779854400000,2026-05-27T04:00:00+00:00,509.35000000,510.52000000,505.80000000,507.88000000,1205.34000000
1779858000000,2026-05-27T05:00:00+00:00,507.84000000,508.67000000,504.88000000,505.87000000,1562.60000000
1779861600000,2026-05-27T06:00:00+00:00,505.79000000,506.19000000,502.85000000,504.16000000,1219.27000000
1779865200000,2026-05-27T07:00:00+00:00,504.20000000,506.68000000,503.97000000,506.10000000,1078.60000000
1779868800000,2026-05-27T08:00:00+00:00,506.10000000,513.95000000,504.95000000,510.28000000,3749.99000000
1779872400000,2026-05-27T09:00:00+00:00,510.34000000,512.75000000,508.77000000,512.28000000,1904.45000000
1779876000000,2026-05-27T10:00:00+00:00,512.29000000,513.35000000,509.10000000,509.57000000,1885.42000000
1779879600000,2026-05-27T11:00:00+00:00,509.60000000,517.51000000,509.60000000,516.20000000,3783.60000000
1779883200000,2026-05-27T12:00:00+00:00,516.21000000,516.80000000,506.90000000,507.50000000,4869.02000000
1779886800000,2026-05-27T13:00:00+00:00,507.54000000,510.57000000,490.66000000,502.39000000,23721.22000000
1779890400000,2026-05-27T14:00:00+00:00,502.14000000,502.80000000,486.50000000,492.77000000,14197.48000000
1779894000000,2026-05-27T15:00:00+00:00,492.72000000,493.87000000,488.11000000,492.13000000,5216.21000000
1779897600000,2026-05-27T16:00:00+00:00,492.17000000,497.25000000,491.54000000,493.74000000,3912.51000000
1779901200000,2026-05-27T17:00:00+00:00,493.81000000,495.97000000,489.72000000,495.11000000,2387.22000000
1779904800000,2026-05-27T18:00:00+00:00,495.15000000,499.39000000,494.32000000,497.40000000,2118.41000000
1779908400000,2026-05-27T19:00:00+00:00,497.40000000,498.18000000,495.31000000,496.32000000,1657.29000000
1779912000000,2026-05-27T20:00:00+00:00,496.24000000,498.13000000,494.45000000,496.51000000,630.02000000
1779915600000,2026-05-27T21:00:00+00:00,496.64000000,496.80000000,493.44000000,494.36000000,879.03000000
1779919200000,2026-05-27T22:00:00+00:00,494.36000000,495.29000000,492.58000000,493.18000000,612.19000000
1779922800000,2026-05-27T23:00:00+00:00,493.10000000,493.95000000,490.35000000,490.59000000,625.97000000
1779926400000,2026-05-28T00:00:00+00:00,490.55000000,493.90000000,489.51000000,493.69000000,1456.17000000
1779930000000,2026-05-28T01:00:00+00:00,493.70000000,494.44000000,492.57000000,494.13000000,1012.46000000
1779933600000,2026-05-28T02:00:00+00:00,494.14000000,494.47000000,490.08000000,490.28000000,2049.72000000
1779937200000,2026-05-28T03:00:00+00:00,490.27000000,490.55000000,477.03000000,480.99000000,6824.98000000
1779940800000,2026-05-28T04:00:00+00:00,480.99000000,482.47000000,476.90000000,478.50000000,3137.58000000
1779944400000,2026-05-28T05:00:00+00:00,478.60000000,485.80000000,478.01000000,485.38000000,2064.78000000
1779948000000,2026-05-28T06:00:00+00:00,485.45000000,489.60000000,485.37000000,487.75000000,2433.41000000
1779951600000,2026-05-28T07:00:00+00:00,487.85000000,490.98000000,487.85000000,490.83000000,2130.21000000
1779955200000,2026-05-28T08:00:00+00:00,490.82000000,493.23000000,489.04000000,490.43000000,6102.32000000
1779958800000,2026-05-28T09:00:00+00:00,490.40000000,491.43000000,487.42000000,489.77000000,2286.24000000
1779962400000,2026-05-28T10:00:00+00:00,489.84000000,489.85000000,485.56000000,486.54000000,1888.19000000
1779966000000,2026-05-28T11:00:00+00:00,486.55000000,489.73000000,485.45000000,488.96000000,3729.92000000
1779969600000,2026-05-28T12:00:00+00:00,489.00000000,498.23000000,488.44000000,497.02000000,4330.44000000
1779973200000,2026-05-28T13:00:00+00:00,497.10000000,508.39000000,494.17000000,496.79000000,21215.26000000
1779976800000,2026-05-28T14:00:00+00:00,496.72000000,512.65000000,493.60000000,511.93000000,22959.57000000
1779980400000,2026-05-28T15:00:00+00:00,511.90000000,527.63000000,511.36000000,518.22000000,16573.90000000
1779984000000,2026-05-28T16:00:00+00:00,518.30000000,523.27000000,517.03000000,522.96000000,6208.30000000
1779987600000,2026-05-28T17:00:00+00:00,522.92000000,523.15000000,516.87000000,518.04000000,4416.56000000
1779991200000,2026-05-28T18:00:00+00:00,518.08000000,521.01000000,517.18000000,519.10000000,3541.11000000
1779994800000,2026-05-28T19:00:00+00:00,519.10000000,521.02000000,516.92000000,518.44000000,2898.39000000
1779998400000,2026-05-28T20:00:00+00:00,518.35000000,520.36000000,518.05000000,519.78000000,1022.66000000
1780002000000,2026-05-28T21:00:00+00:00,519.68000000,522.39000000,519.22000000,521.35000000,1022.94000000
1780005600000,2026-05-28T22:00:00+00:00,521.37000000,522.79000000,520.12000000,520.71000000,604.55000000
1780009200000,2026-05-28T23:00:00+00:00,520.71000000,522.43000000,520.58000000,522.02000000,371.05000000
1780012800000,2026-05-29T00:00:00+00:00,522.06000000,522.17000000,515.81000000,516.49000000,1898.12000000
1780016400000,2026-05-29T01:00:00+00:00,516.46000000,520.03000000,515.30000000,519.29000000,1337.66000000
1780020000000,2026-05-29T02:00:00+00:00,519.35000000,521.22000000,518.56000000,518.88000000,1768.91000000
1780023600000,2026-05-29T03:00:00+00:00,518.88000000,519.97000000,518.76000000,518.96000000,919.00000000
1780027200000,2026-05-29T04:00:00+00:00,519.07000000,523.15000000,519.06000000,522.22000000,1621.69000000
1780030800000,2026-05-29T05:00:00+00:00,522.22000000,523.90000000,521.80000000,522.31000000,1166.93000000
1780034400000,2026-05-29T06:00:00+00:00,522.31000000,525.42000000,522.25000000,525.22000000,2098.38000000
1780038000000,2026-05-29T07:00:00+00:00,525.09000000,525.12000000,519.43000000,520.98000000,1771.13000000
1780041600000,2026-05-29T08:00:00+00:00,520.99000000,524.37000000,520.31000000,523.01000000,2137.13000000
1780045200000,2026-05-29T09:00:00+00:00,522.97000000,525.70000000,522.69000000,523.05000000,1180.89000000
1780048800000,2026-05-29T10:00:00+00:00,523.09000000,523.42000000,521.05000000,522.72000000,1141.85000000
1780052400000,2026-05-29T11:00:00+00:00,522.78000000,525.56000000,520.06000000,521.81000000,1546.21000000
1780056000000,2026-05-29T12:00:00+00:00,521.78000000,521.78000000,518.80000000,520.41000000,1058.91000000
1780059600000,2026-05-29T13:00:00+00:00,520.42000000,522.85000000,515.75000000,521.47000000,14716.79000000
1780063200000,2026-05-29T14:00:00+00:00,521.42000000,522.37000000,507.78000000,514.60000000,11850.99000000
1780066800000,2026-05-29T15:00:00+00:00,514.55000000,515.03000000,510.58000000,511.15000000,4913.95000000
1780070400000,2026-05-29T16:00:00+00:00,511.13000000,514.11000000,508.38000000,509.49000000,4067.27000000
1780074000000,2026-05-29T17:00:00+00:00,509.49000000,509.68000000,503.72000000,504.03000000,3556.33000000
1780077600000,2026-05-29T18:00:00+00:00,504.06000000,508.00000000,503.78000000,505.32000000,2095.85000000
1780081200000,2026-05-29T19:00:00+00:00,505.36000000,516.98000000,504.64000000,516.42000000,4395.81000000
1780084800000,2026-05-29T20:00:00+00:00,516.33000000,516.67000000,513.95000000,515.53000000,850.10000000
1780088400000,2026-05-29T21:00:00+00:00,515.54000000,515.83000000,515.11000000,515.25000000,394.21000000
1780092000000,2026-05-29T22:00:00+00:00,515.33000000,515.55000000,514.07000000,514.27000000,527.56000000
1780095600000,2026-05-29T23:00:00+00:00,514.28000000,515.61000000,514.16000000,515.13000000,189.54000000
1780099200000,2026-05-30T00:00:00+00:00,515.12000000,515.98000000,513.56000000,515.89000000,1134.55000000
1780102800000,2026-05-30T01:00:00+00:00,515.85000000,517.04000000,515.24000000,515.89000000,251.94000000
1780106400000,2026-05-30T02:00:00+00:00,515.80000000,517.91000000,515.63000000,517.50000000,359.02000000
1780110000000,2026-05-30T03:00:00+00:00,517.54000000,518.14000000,516.63000000,517.70000000,539.72000000
1780113600000,2026-05-30T04:00:00+00:00,517.67000000,518.09000000,516.37000000,516.96000000,287.79000000
1780117200000,2026-05-30T05:00:00+00:00,517.00000000,518.09000000,516.83000000,517.75000000,115.67000000
1780120800000,2026-05-30T06:00:00+00:00,517.75000000,519.74000000,517.51000000,518.84000000,592.28000000
1780124400000,2026-05-30T07:00:00+00:00,519.00000000,519.91000000,518.41000000,519.25000000,353.20000000
1780128000000,2026-05-30T08:00:00+00:00,519.16000000,519.94000000,519.12000000,519.32000000,203.52000000
1780131600000,2026-05-30T09:00:00+00:00,519.32000000,519.45000000,517.20000000,518.04000000,284.69000000
1780135200000,2026-05-30T10:00:00+00:00,518.08000000,520.00000000,518.05000000,519.05000000,262.36000000
1780138800000,2026-05-30T11:00:00+00:00,519.10000000,519.23000000,517.88000000,519.01000000,238.35000000
1780142400000,2026-05-30T12:00:00+00:00,519.14000000,520.69000000,519.06000000,520.05000000,172.58000000
1780146000000,2026-05-30T13:00:00+00:00,519.95000000,521.05000000,519.73000000,520.64000000,209.55000000
1780149600000,2026-05-30T14:00:00+00:00,520.70000000,521.05000000,519.25000000,520.47000000,309.61000000
1780153200000,2026-05-30T15:00:00+00:00,520.33000000,521.70000000,519.44000000,519.71000000,316.76000000
1780156800000,2026-05-30T16:00:00+00:00,519.63000000,519.63000000,515.80000000,516.92000000,700.09000000
1780160400000,2026-05-30T17:00:00+00:00,516.86000000,518.14000000,516.57000000,516.67000000,303.05000000
1780164000000,2026-05-30T18:00:00+00:00,516.70000000,518.46000000,515.70000000,518.46000000,176.89000000
1780167600000,2026-05-30T19:00:00+00:00,518.46000000,520.00000000,516.60000000,519.88000000,407.11000000
1780171200000,2026-05-30T20:00:00+00:00,519.89000000,520.35000000,518.95000000,520.05000000,183.44000000
1780174800000,2026-05-30T21:00:00+00:00,520.10000000,521.77000000,520.10000000,521.57000000,434.90000000
1780178400000,2026-05-30T22:00:00+00:00,521.57000000,522.57000000,520.91000000,522.50000000,406.90000000
1780182000000,2026-05-30T23:00:00+00:00,522.55000000,523.30000000,522.15000000,523.17000000,345.37000000
1780185600000,2026-05-31T00:00:00+00:00,523.17000000,524.24000000,522.17000000,524.11000000,684.55000000
1780189200000,2026-05-31T01:00:00+00:00,524.05000000,524.62000000,521.73000000,522.97000000,531.93000000
1780192800000,2026-05-31T02:00:00+00:00,522.94000000,523.79000000,521.23000000,523.50000000,365.68000000
1780196400000,2026-05-31T03:00:00+00:00,523.45000000,525.28000000,522.66000000,522.93000000,706.63000000
1780200000000,2026-05-31T04:00:00+00:00,522.92000000,524.52000000,522.92000000,524.42000000,246.10000000
1780203600000,2026-05-31T05:00:00+00:00,524.39000000,525.10000000,524.25000000,524.44000000,368.08000000
1780207200000,2026-05-31T06:00:00+00:00,524.55000000,525.22000000,523.52000000,524.68000000,462.35000000
1780210800000,2026-05-31T07:00:00+00:00,524.68000000,529.26000000,524.47000000,528.44000000,2372.69000000
1780214400000,2026-05-31T08:00:00+00:00,528.41000000,532.00000000,528.37000000,529.58000000,1882.88000000
1780218000000,2026-05-31T09:00:00+00:00,529.62000000,529.71000000,527.44000000,527.66000000,269.47000000
1780221600000,2026-05-31T10:00:00+00:00,527.65000000,527.89000000,526.95000000,527.77000000,120.93000000
1780225200000,2026-05-31T11:00:00+00:00,527.70000000,529.19000000,527.13000000,528.61000000,207.43000000
1780228800000,2026-05-31T12:00:00+00:00,528.65000000,528.70000000,526.31000000,526.85000000,191.59000000
1780232400000,2026-05-31T13:00:00+00:00,526.94000000,527.06000000,525.66000000,525.96000000,370.76000000
1780236000000,2026-05-31T14:00:00+00:00,525.94000000,526.25000000,524.00000000,525.80000000,783.43000000
1780239600000,2026-05-31T15:00:00+00:00,525.77000000,526.90000000,523.09000000,523.76000000,421.95000000
1780243200000,2026-05-31T16:00:00+00:00,523.76000000,524.62000000,521.00000000,521.86000000,878.38000000
1780246800000,2026-05-31T17:00:00+00:00,521.83000000,523.45000000,521.00000000,521.02000000,377.10000000
1780250400000,2026-05-31T18:00:00+00:00,521.03000000,521.53000000,520.11000000,520.96000000,344.44000000
1780254000000,2026-05-31T19:00:00+00:00,521.03000000,523.35000000,520.73000000,522.87000000,263.59000000
1780257600000,2026-05-31T20:00:00+00:00,522.85000000,522.90000000,516.45000000,520.03000000,3112.12000000
1780261200000,2026-05-31T21:00:00+00:00,520.02000000,521.76000000,516.75000000,518.00000000,479.51000000
1780264800000,2026-05-31T22:00:00+00:00,518.01000000,518.83000000,516.90000000,516.90000000,251.80000000
1780268400000,2026-05-31T23:00:00+00:00,516.85000000,517.50000000,515.92000000,517.10000000,494.37000000
1780272000000,2026-06-01T00:00:00+00:00,517.10000000,517.12000000,505.85000000,509.37000000,4159.77000000
1780275600000,2026-06-01T01:00:00+00:00,509.34000000,512.58000000,507.80000000,512.23000000,1814.35000000
1780279200000,2026-06-01T02:00:00+00:00,512.24000000,515.36000000,512.12000000,514.60000000,2057.98000000
1780282800000,2026-06-01T03:00:00+00:00,514.62000000,515.07000000,513.21000000,513.23000000,1219.17000000
1780286400000,2026-06-01T04:00:00+00:00,513.24000000,514.31000000,510.84000000,511.27000000,1181.10000000
1780290000000,2026-06-01T05:00:00+00:00,511.27000000,513.74000000,510.38000000,513.54000000,933.69000000
1780293600000,2026-06-01T06:00:00+00:00,513.55000000,514.53000000,512.07000000,513.13000000,1750.95000000
1780297200000,2026-06-01T07:00:00+00:00,513.11000000,513.28000000,510.02000000,511.54000000,906.32000000
1780300800000,2026-06-01T08:00:00+00:00,511.54000000,511.92000000,496.04000000,500.82000000,6546.74000000
1780304400000,2026-06-01T09:00:00+00:00,500.83000000,501.26000000,490.88000000,493.94000000,5356.14000000
1780308000000,2026-06-01T10:00:00+00:00,493.94000000,497.71000000,488.61000000,497.71000000,4745.25000000
1780311600000,2026-06-01T11:00:00+00:00,497.66000000,499.45000000,493.35000000,497.84000000,3354.21000000
1780315200000,2026-06-01T12:00:00+00:00,497.94000000,500.70000000,494.43000000,497.34000000,2661.69000000
1780318800000,2026-06-01T13:00:00+00:00,497.27000000,505.29000000,486.93000000,488.87000000,17214.37000000
1780322400000,2026-06-01T14:00:00+00:00,488.84000000,510.50000000,487.45000000,509.64000000,18339.68000000
1780326000000,2026-06-01T15:00:00+00:00,509.66000000,518.25000000,508.36000000,510.80000000,6278.06000000
1780329600000,2026-06-01T16:00:00+00:00,510.79000000,514.30000000,506.64000000,510.06000000,5315.98000000
1780333200000,2026-06-01T17:00:00+00:00,510.04000000,514.71000000,507.33000000,513.87000000,2548.11000000
1780336800000,2026-06-01T18:00:00+00:00,513.91000000,516.46000000,511.86000000,512.72000000,1623.96000000
1780340400000,2026-06-01T19:00:00+00:00,512.70000000,514.32000000,509.70000000,510.85000000,2158.04000000
1780344000000,2026-06-01T20:00:00+00:00,510.82000000,511.10000000,508.95000000,509.67000000,844.30000000
1780347600000,2026-06-01T21:00:00+00:00,509.60000000,511.84000000,508.95000000,509.79000000,258.64000000
1780351200000,2026-06-01T22:00:00+00:00,509.81000000,510.15000000,505.91000000,507.32000000,443.32000000
1780354800000,2026-06-01T23:00:00+00:00,507.26000000,507.33000000,506.05000000,507.09000000,557.20000000
1780358400000,2026-06-02T00:00:00+00:00,507.14000000,507.34000000,500.72000000,502.24000000,1327.70000000
1780362000000,2026-06-02T01:00:00+00:00,502.29000000,504.56000000,499.08000000,499.83000000,746.99000000
1780365600000,2026-06-02T02:00:00+00:00,499.85000000,503.77000000,497.06000000,503.52000000,1459.22000000
1780369200000,2026-06-02T03:00:00+00:00,503.48000000,504.01000000,498.03000000,500.30000000,1288.18000000
1780372800000,2026-06-02T04:00:00+00:00,500.27000000,503.08000000,498.72000000,502.80000000,1079.32000000
1780376400000,2026-06-02T05:00:00+00:00,502.82000000,504.64000000,501.43000000,503.44000000,1075.72000000
1780380000000,2026-06-02T06:00:00+00:00,503.49000000,505.07000000,501.40000000,504.86000000,1809.81000000
1780383600000,2026-06-02T07:00:00+00:00,504.80000000,507.41000000,504.03000000,504.80000000,1654.50000000
1780387200000,2026-06-02T08:00:00+00:00,504.80000000,507.55000000,502.25000000,505.25000000,2520.26000000
1780390800000,2026-06-02T09:00:00+00:00,505.33000000,508.50000000,504.27000000,507.37000000,1801.88000000
1780394400000,2026-06-02T10:00:00+00:00,507.37000000,507.49000000,502.52000000,502.95000000,961.42000000
1780398000000,2026-06-02T11:00:00+00:00,502.94000000,506.68000000,501.64000000,504.30000000,1246.82000000
1780401600000,2026-06-02T12:00:00+00:00,504.31000000,507.05000000,503.55000000,505.08000000,826.94000000
1780405200000,2026-06-02T13:00:00+00:00,504.97000000,521.07000000,502.55000000,520.08000000,21357.33000000
1780408800000,2026-06-02T14:00:00+00:00,520.12000000,520.59000000,504.12000000,508.60000000,8052.33000000
1780412400000,2026-06-02T15:00:00+00:00,508.59000000,518.36000000,507.01000000,517.40000000,4840.76000000
1780416000000,2026-06-02T16:00:00+00:00,517.57000000,519.30000000,512.94000000,515.55000000,3060.03000000
1780419600000,2026-06-02T17:00:00+00:00,515.52000000,516.26000000,511.55000000,515.12000000,2850.54000000
1780423200000,2026-06-02T18:00:00+00:00,515.16000000,517.82000000,513.29000000,515.41000000,2888.92000000
1780426800000,2026-06-02T19:00:00+00:00,515.48000000,522.97000000,515.39000000,522.18000000,2052.35000000
1780430400000,2026-06-02T20:00:00+00:00,522.00000000,523.19000000,520.06000000,520.80000000,833.62000000
1780434000000,2026-06-02T21:00:00+00:00,520.78000000,521.51000000,518.92000000,519.45000000,271.50000000
1780437600000,2026-06-02T22:00:00+00:00,519.49000000,520.13000000,517.64000000,517.70000000,420.32000000
1780441200000,2026-06-02T23:00:00+00:00,517.65000000,519.63000000,513.54000000,519.35000000,1213.93000000
1780444800000,2026-06-03T00:00:00+00:00,519.34000000,520.59000000,517.01000000,519.27000000,1656.88000000
1780448400000,2026-06-03T01:00:00+00:00,519.30000000,519.54000000,517.57000000,518.93000000,673.18000000
1780452000000,2026-06-03T02:00:00+00:00,519.00000000,519.29000000,517.86000000,518.27000000,467.65000000
1780455600000,2026-06-03T03:00:00+00:00,518.28000000,520.01000000,517.73000000,519.71000000,1136.10000000
1780459200000,2026-06-03T04:00:00+00:00,519.70000000,519.71000000,516.70000000,516.86000000,1175.58000000
1780462800000,2026-06-03T05:00:00+00:00,516.85000000,519.76000000,516.38000000,518.86000000,1831.30000000
1780466400000,2026-06-03T06:00:00+00:00,519.00000000,519.61000000,516.46000000,516.93000000,1386.69000000
1780470000000,2026-06-03T07:00:00+00:00,516.98000000,518.06000000,516.36000000,517.24000000,1111.11000000
1780473600000,2026-06-03T08:00:00+00:00,517.24000000,519.10000000,516.00000000,516.74000000,1712.68000000
1780477200000,2026-06-03T09:00:00+00:00,516.74000000,547.92000000,516.00000000,542.16000000,12547.82000000
1780480800000,2026-06-03T10:00:00+00:00,542.28000000,543.42000000,535.00000000,535.12000000,4588.64000000
1780484400000,2026-06-03T11:00:00+00:00,535.01000000,538.75000000,532.08000000,537.25000000,4025.54000000
1780488000000,2026-06-03T12:00:00+00:00,537.05000000,542.15000000,534.14000000,536.14000000,3006.61000000
1780491600000,2026-06-03T13:00:00+00:00,536.25000000,544.14000000,524.61000000,530.28000000,23819.01000000
1780495200000,2026-06-03T14:00:00+00:00,530.38000000,540.03000000,528.92000000,530.76000000,11185.62000000
1780498800000,2026-06-03T15:00:00+00:00,530.73000000,539.74000000,529.25000000,532.81000000,5644.49000000
1780502400000,2026-06-03T16:00:00+00:00,532.87000000,535.90000000,529.69000000,535.50000000,3450.23000000
1780506000000,2026-06-03T17:00:00+00:00,535.51000000,542.06000000,531.32000000,541.40000000,2576.64000000
1780509600000,2026-06-03T18:00:00+00:00,541.60000000,546.53000000,538.85000000,542.23000000,6179.12000000
1780513200000,2026-06-03T19:00:00+00:00,542.24000000,545.28000000,537.32000000,543.43000000,9615.32000000
1780516800000,2026-06-03T20:00:00+00:00,543.37000000,543.68000000,533.29000000,535.33000000,3877.65000000
1780520400000,2026-06-03T21:00:00+00:00,535.31000000,537.30000000,528.28000000,533.59000000,2623.01000000
1780524000000,2026-06-03T22:00:00+00:00,533.48000000,535.72000000,528.07000000,531.93000000,1562.25000000
1780527600000,2026-06-03T23:00:00+00:00,531.93000000,532.00000000,525.86000000,526.12000000,1566.31000000
1780531200000,2026-06-04T00:00:00+00:00,526.10000000,534.45000000,525.68000000,534.13000000,3707.64000000
1780534800000,2026-06-04T01:00:00+00:00,534.20000000,536.75000000,530.66000000,532.50000000,2111.88000000
1780538400000,2026-06-04T02:00:00+00:00,532.55000000,533.25000000,529.96000000,531.18000000,1672.81000000
1780542000000,2026-06-04T03:00:00+00:00,531.14000000,535.05000000,530.97000000,534.96000000,1093.51000000
1780545600000,2026-06-04T04:00:00+00:00,535.04000000,535.44000000,533.35000000,533.77000000,988.97000000
1780549200000,2026-06-04T05:00:00+00:00,533.90000000,535.27000000,532.20000000,533.86000000,1672.21000000
1780552800000,2026-06-04T06:00:00+00:00,533.90000000,535.25000000,533.28000000,534.15000000,874.52000000
1780556400000,2026-06-04T07:00:00+00:00,534.15000000,534.70000000,531.87000000,531.99000000,781.37000000
1780560000000,2026-06-04T08:00:00+00:00,531.99000000,534.10000000,523.11000000,524.15000000,4248.03000000
1780563600000,2026-06-04T09:00:00+00:00,524.15000000,524.19000000,515.88000000,523.83000000,6075.80000000
1780567200000,2026-06-04T10:00:00+00:00,523.85000000,524.00000000,519.27000000,521.18000000,2086.43000000
1780570800000,2026-06-04T11:00:00+00:00,521.17000000,522.98000000,515.94000000,520.62000000,2933.41000000
1780574400000,2026-06-04T12:00:00+00:00,520.54000000,524.37000000,518.78000000,522.98000000,2862.54000000
1780578000000,2026-06-04T13:00:00+00:00,522.95000000,523.16000000,503.37000000,503.65000000,19536.61000000
1780581600000,2026-06-04T14:00:00+00:00,503.52000000,521.66000000,500.33000000,520.95000000,11333.76000000
1780585200000,2026-06-04T15:00:00+00:00,520.94000000,526.56000000,519.52000000,522.15000000,4661.69000000
1780588800000,2026-06-04T16:00:00+00:00,522.20000000,525.08000000,520.04000000,524.15000000,1590.66000000
1780592400000,2026-06-04T17:00:00+00:00,524.10000000,528.55000000,523.25000000,528.26000000,2374.90000000
1780596000000,2026-06-04T18:00:00+00:00,528.21000000,532.52000000,525.98000000,526.65000000,1658.28000000
1780599600000,2026-06-04T19:00:00+00:00,526.75000000,531.10000000,523.20000000,523.57000000,2703.03000000
1780603200000,2026-06-04T20:00:00+00:00,523.59000000,524.35000000,518.30000000,518.90000000,2052.60000000
1780606800000,2026-06-04T21:00:00+00:00,518.87000000,518.90000000,518.16000000,518.56000000,412.22000000
1780610400000,2026-06-04T22:00:00+00:00,518.55000000,518.79000000,516.06000000,517.94000000,738.18000000
1780614000000,2026-06-04T23:00:00+00:00,517.92000000,518.02000000,513.96000000,514.60000000,425.63000000
1780617600000,2026-06-05T00:00:00+00:00,514.55000000,514.65000000,506.11000000,507.68000000,7544.28000000
1780621200000,2026-06-05T01:00:00+00:00,507.65000000,514.07000000,505.38000000,513.49000000,2984.75000000
1780624800000,2026-06-05T02:00:00+00:00,513.59000000,518.49000000,511.83000000,512.80000000,2539.37000000
1780628400000,2026-06-05T03:00:00+00:00,512.79000000,515.41000000,510.90000000,511.70000000,1248.85000000
1780632000000,2026-06-05T04:00:00+00:00,511.75000000,517.02000000,511.53000000,516.17000000,1209.62000000
1780635600000,2026-06-05T05:00:00+00:00,516.18000000,516.97000000,513.54000000,513.65000000,1372.31000000
1780639200000,2026-06-05T06:00:00+00:00,513.67000000,515.60000000,510.71000000,511.32000000,1937.76000000
1780642800000,2026-06-05T07:00:00+00:00,511.27000000,512.19000000,508.69000000,511.10000000,1177.99000000
1780646400000,2026-06-05T08:00:00+00:00,511.14000000,511.85000000,504.89000000,508.58000000,3331.75000000
1780650000000,2026-06-05T09:00:00+00:00,508.57000000,513.40000000,508.10000000,510.75000000,2689.08000000
1780653600000,2026-06-05T10:00:00+00:00,510.76000000,512.53000000,509.16000000,510.75000000,1288.10000000
1780657200000,2026-06-05T11:00:00+00:00,510.75000000,510.78000000,506.81000000,506.81000000,1550.48000000
1780660800000,2026-06-05T12:00:00+00:00,506.89000000,508.95000000,504.16000000,505.95000000,2421.68000000
1780664400000,2026-06-05T13:00:00+00:00,505.86000000,506.75000000,485.50000000,485.72000000,18183.51000000
1780668000000,2026-06-05T14:00:00+00:00,485.67000000,497.44000000,485.21000000,493.29000000,9758.81000000
1780671600000,2026-06-05T15:00:00+00:00,493.39000000,493.67000000,480.61000000,485.47000000,37684.01000000
1780675200000,2026-06-05T16:00:00+00:00,485.41000000,485.47000000,470.79000000,476.43000000,11784.18000000
1780678800000,2026-06-05T17:00:00+00:00,476.48000000,478.47000000,471.56000000,477.49000000,5196.09000000
1780682400000,2026-06-05T18:00:00+00:00,477.54000000,478.04000000,463.40000000,470.49000000,6531.91000000
1780686000000,2026-06-05T19:00:00+00:00,470.54000000,475.87000000,464.46000000,466.61000000,7232.45000000
1780689600000,2026-06-05T20:00:00+00:00,466.65000000,467.25000000,461.96000000,464.69000000,4535.71000000
1780693200000,2026-06-05T21:00:00+00:00,464.65000000,469.80000000,464.54000000,467.31000000,2404.74000000
1780696800000,2026-06-05T22:00:00+00:00,467.28000000,468.71000000,464.10000000,465.68000000,1476.28000000
1780700400000,2026-06-05T23:00:00+00:00,465.63000000,465.69000000,456.67000000,458.70000000,2274.52000000
1780704000000,2026-06-06T00:00:00+00:00,458.69000000,464.12000000,458.11000000,463.53000000,1824.46000000
1780707600000,2026-06-06T01:00:00+00:00,463.48000000,464.24000000,446.89000000,447.88000000,3311.09000000
1780711200000,2026-06-06T02:00:00+00:00,447.80000000,449.68000000,434.48000000,439.35000000,7300.37000000
1780714800000,2026-06-06T03:00:00+00:00,439.37000000,448.33000000,438.41000000,446.35000000,3432.41000000
1780718400000,2026-06-06T04:00:00+00:00,446.38000000,447.71000000,441.00000000,442.08000000,2483.12000000
1780722000000,2026-06-06T05:00:00+00:00,442.06000000,449.13000000,441.19000000,448.95000000,2219.25000000
1780725600000,2026-06-06T06:00:00+00:00,448.96000000,449.08000000,443.98000000,444.22000000,1516.76000000
1780729200000,2026-06-06T07:00:00+00:00,444.27000000,444.99000000,439.35000000,440.61000000,3063.28000000
1780732800000,2026-06-06T08:00:00+00:00,440.60000000,448.30000000,437.00000000,446.77000000,3469.87000000
1780736400000,2026-06-06T09:00:00+00:00,446.71000000,454.71000000,446.41000000,448.47000000,4162.58000000
1780740000000,2026-06-06T10:00:00+00:00,448.49000000,449.72000000,442.70000000,448.84000000,2724.12000000
1780743600000,2026-06-06T11:00:00+00:00,448.81000000,451.82000000,447.21000000,448.30000000,1614.63000000
1780747200000,2026-06-06T12:00:00+00:00,448.35000000,456.46000000,448.11000000,456.08000000,3107.31000000
1780750800000,2026-06-06T13:00:00+00:00,456.08000000,457.40000000,453.93000000,454.34000000,1017.30000000
1780754400000,2026-06-06T14:00:00+00:00,454.34000000,456.39000000,453.99000000,454.52000000,508.23000000
1780758000000,2026-06-06T15:00:00+00:00,454.45000000,455.38000000,451.67000000,453.12000000,1011.41000000
1780761600000,2026-06-06T16:00:00+00:00,453.14000000,456.06000000,452.73000000,455.59000000,558.56000000
1780765200000,2026-06-06T17:00:00+00:00,455.59000000,455.59000000,450.90000000,451.10000000,530.89000000
1780768800000,2026-06-06T18:00:00+00:00,451.05000000,452.44000000,450.87000000,452.03000000,513.31000000
1780772400000,2026-06-06T19:00:00+00:00,451.98000000,453.97000000,451.27000000,453.87000000,330.52000000
1780776000000,2026-06-06T20:00:00+00:00,453.83000000,456.35000000,453.09000000,453.91000000,620.94000000
1780779600000,2026-06-06T21:00:00+00:00,453.91000000,455.73000000,453.66000000,454.05000000,389.98000000
1780783200000,2026-06-06T22:00:00+00:00,454.00000000,454.29000000,451.79000000,453.40000000,300.23000000
1780786800000,2026-06-06T23:00:00+00:00,453.36000000,457.50000000,453.12000000,457.04000000,447.18000000
1780790400000,2026-06-07T00:00:00+00:00,457.09000000,457.14000000,452.20000000,452.48000000,671.81000000
1780794000000,2026-06-07T01:00:00+00:00,452.54000000,458.85000000,452.46000000,458.85000000,1055.09000000
1780797600000,2026-06-07T02:00:00+00:00,458.78000000,459.15000000,456.44000000,457.64000000,678.40000000
1780801200000,2026-06-07T03:00:00+00:00,457.67000000,460.69000000,456.99000000,458.55000000,1420.06000000
1780804800000,2026-06-07T04:00:00+00:00,458.50000000,460.34000000,457.03000000,460.15000000,624.33000000
1780808400000,2026-06-07T05:00:00+00:00,460.13000000,460.64000000,459.65000000,459.78000000,347.30000000
1780812000000,2026-06-07T06:00:00+00:00,459.83000000,461.53000000,459.63000000,460.71000000,345.06000000
1780815600000,2026-06-07T07:00:00+00:00,460.62000000,460.62000000,459.51000000,460.28000000,194.50000000
1780819200000,2026-06-07T08:00:00+00:00,460.25000000,460.90000000,459.36000000,460.87000000,451.98000000
1780822800000,2026-06-07T09:00:00+00:00,460.90000000,464.00000000,460.29000000,460.29000000,1542.31000000
1780826400000,2026-06-07T10:00:00+00:00,460.28000000,460.28000000,453.97000000,459.34000000,1657.25000000
1780830000000,2026-06-07T11:00:00+00:00,459.30000000,462.34000000,459.30000000,461.21000000,597.36000000
1780833600000,2026-06-07T12:00:00+00:00,461.35000000,462.96000000,459.52000000,462.78000000,784.12000000
1780837200000,2026-06-07T13:00:00+00:00,462.85000000,467.38000000,462.49000000,467.00000000,617.76000000
1780840800000,2026-06-07T14:00:00+00:00,466.91000000,470.34000000,464.80000000,465.26000000,1212.61000000
1780844400000,2026-06-07T15:00:00+00:00,465.22000000,468.69000000,465.08000000,466.82000000,588.02000000
1780848000000,2026-06-07T16:00:00+00:00,466.81000000,468.62000000,465.97000000,467.85000000,476.17000000
1780851600000,2026-06-07T17:00:00+00:00,467.85000000,469.44000000,466.16000000,466.19000000,535.41000000
1780855200000,2026-06-07T18:00:00+00:00,466.15000000,466.71000000,464.70000000,465.10000000,296.69000000
1780858800000,2026-06-07T19:00:00+00:00,465.02000000,466.02000000,459.03000000,460.84000000,1442.95000000
1780862400000,2026-06-07T20:00:00+00:00,460.84000000,463.39000000,460.19000000,462.82000000,726.76000000
1780866000000,2026-06-07T21:00:00+00:00,462.80000000,465.64000000,460.88000000,460.94000000,444.40000000
1780869600000,2026-06-07T22:00:00+00:00,461.00000000,466.08000000,458.91000000,462.78000000,2613.91000000
1780873200000,2026-06-07T23:00:00+00:00,462.61000000,466.68000000,462.47000000,466.44000000,935.65000000
1780876800000,2026-06-08T00:00:00+00:00,466.49000000,480.29000000,464.82000000,476.71000000,6042.12000000
1780880400000,2026-06-08T01:00:00+00:00,476.71000000,476.91000000,464.81000000,471.43000000,7027.00000000
1780884000000,2026-06-08T02:00:00+00:00,471.52000000,475.65000000,469.28000000,472.80000000,3488.63000000
1780887600000,2026-06-08T03:00:00+00:00,472.87000000,473.63000000,469.95000000,470.80000000,1212.14000000
1780891200000,2026-06-08T04:00:00+00:00,470.85000000,472.19000000,467.36000000,467.36000000,1301.46000000
1780894800000,2026-06-08T05:00:00+00:00,467.35000000,469.80000000,459.57000000,462.55000000,3220.92000000
1780898400000,2026-06-08T06:00:00+00:00,462.55000000,470.42000000,461.73000000,469.69000000,3032.04000000
1780902000000,2026-06-08T07:00:00+00:00,469.72000000,477.24000000,468.20000000,476.35000000,1932.32000000
1780905600000,2026-06-08T08:00:00+00:00,476.30000000,481.15000000,473.25000000,475.34000000,7502.20000000
1780909200000,2026-06-08T09:00:00+00:00,475.43000000,477.97000000,473.84000000,475.95000000,3873.73000000
1780912800000,2026-06-08T10:00:00+00:00,476.00000000,477.17000000,473.25000000,476.00000000,4520.58000000
1780916400000,2026-06-08T11:00:00+00:00,475.85000000,481.44000000,474.53000000,479.33000000,4250.12000000
1780920000000,2026-06-08T12:00:00+00:00,479.33000000,486.54000000,479.23000000,484.97000000,3475.48000000
1780923600000,2026-06-08T13:00:00+00:00,484.99000000,490.21000000,478.13000000,478.44000000,25732.74000000
1780927200000,2026-06-08T14:00:00+00:00,478.31000000,491.53000000,477.90000000,489.91000000,7291.85000000
1780930800000,2026-06-08T15:00:00+00:00,489.88000000,494.59000000,488.18000000,489.71000000,5136.61000000
1780934400000,2026-06-08T16:00:00+00:00,489.74000000,493.55000000,487.60000000,491.23000000,2864.03000000
1780938000000,2026-06-08T17:00:00+00:00,491.20000000,492.08000000,486.61000000,490.96000000,2688.79000000
1780941600000,2026-06-08T18:00:00+00:00,491.10000000,495.08000000,490.76000000,491.65000000,2082.30000000
1780945200000,2026-06-08T19:00:00+00:00,491.69000000,492.20000000,486.40000000,490.34000000,3272.90000000
1780948800000,2026-06-08T20:00:00+00:00,490.25000000,492.08000000,488.84000000,491.60000000,1033.67000000
1780952400000,2026-06-08T21:00:00+00:00,491.58000000,492.34000000,491.24000000,491.50000000,375.37000000
1780956000000,2026-06-08T22:00:00+00:00,491.55000000,492.05000000,487.54000000,489.79000000,888.63000000
1780959600000,2026-06-08T23:00:00+00:00,489.76000000,490.79000000,488.64000000,489.85000000,962.10000000
1780963200000,2026-06-09T00:00:00+00:00,489.81000000,490.60000000,484.03000000,484.85000000,2786.50000000
1780966800000,2026-06-09T01:00:00+00:00,484.80000000,493.20000000,484.73000000,489.83000000,2033.06000000
1780970400000,2026-06-09T02:00:00+00:00,489.84000000,492.90000000,489.35000000,492.35000000,1639.15000000
1780974000000,2026-06-09T03:00:00+00:00,492.35000000,495.43000000,492.09000000,495.30000000,1648.27000000
1780977600000,2026-06-09T04:00:00+00:00,495.27000000,500.00000000,495.25000000,498.64000000,2627.39000000
1780981200000,2026-06-09T05:00:00+00:00,498.64000000,499.44000000,496.38000000,498.40000000,1680.29000000
1780984800000,2026-06-09T06:00:00+00:00,498.41000000,500.18000000,497.50000000,498.85000000,1276.02000000
1780988400000,2026-06-09T07:00:00+00:00,498.90000000,499.70000000,495.12000000,495.27000000,1355.52000000
1780992000000,2026-06-09T08:00:00+00:00,495.34000000,499.32000000,494.31000000,497.89000000,3002.59000000
1780995600000,2026-06-09T09:00:00+00:00,497.87000000,499.74000000,497.51000000,498.76000000,876.59000000
1780999200000,2026-06-09T10:00:00+00:00,498.75000000,499.99000000,496.35000000,497.83000000,1641.00000000
1781002800000,2026-06-09T11:00:00+00:00,497.80000000,504.23000000,497.23000000,501.83000000,2457.77000000
1781006400000,2026-06-09T12:00:00+00:00,501.92000000,502.40000000,498.99000000,502.19000000,1168.66000000
1781010000000,2026-06-09T13:00:00+00:00,502.19000000,503.95000000,487.68000000,489.12000000,13372.61000000
1781013600000,2026-06-09T14:00:00+00:00,489.12000000,494.70000000,474.07000000,480.13000000,17447.34000000
1781017200000,2026-06-09T15:00:00+00:00,480.07000000,482.09000000,459.45000000,460.12000000,11218.53000000
1781020800000,2026-06-09T16:00:00+00:00,460.15000000,462.40000000,437.52000000,447.13000000,18966.63000000
1781024400000,2026-06-09T17:00:00+00:00,447.11000000,464.47000000,446.25000000,461.02000000,8144.11000000
1781028000000,2026-06-09T18:00:00+00:00,461.08000000,469.23000000,458.51000000,468.51000000,3876.31000000
1781031600000,2026-06-09T19:00:00+00:00,468.55000000,476.03000000,461.06000000,475.90000000,5593.07000000
1781035200000,2026-06-09T20:00:00+00:00,475.91000000,481.39000000,474.15000000,475.25000000,2824.93000000
1781038800000,2026-06-09T21:00:00+00:00,475.20000000,475.20000000,470.32000000,471.60000000,1266.37000000
1781042400000,2026-06-09T22:00:00+00:00,471.63000000,473.09000000,466.94000000,467.98000000,2429.33000000
1781046000000,2026-06-09T23:00:00+00:00,468.05000000,471.76000000,467.90000000,471.37000000,3035.59000000
1781049600000,2026-06-10T00:00:00+00:00,471.42000000,478.40000000,468.02000000,471.74000000,5787.05000000
1781053200000,2026-06-10T01:00:00+00:00,471.76000000,474.26000000,468.80000000,469.99000000,2763.44000000
1781056800000,2026-06-10T02:00:00+00:00,470.03000000,470.24000000,464.49000000,464.88000000,2956.27000000
1781060400000,2026-06-10T03:00:00+00:00,464.90000000,468.61000000,464.56000000,467.03000000,2072.92000000
1781064000000,2026-06-10T04:00:00+00:00,467.05000000,467.61000000,459.40000000,461.10000000,3056.92000000
1781067600000,2026-06-10T05:00:00+00:00,461.10000000,468.21000000,459.42000000,466.05000000,3174.57000000
1781071200000,2026-06-10T06:00:00+00:00,466.01000000,470.40000000,465.58000000,467.48000000,1849.33000000
1781074800000,2026-06-10T07:00:00+00:00,467.39000000,468.94000000,465.91000000,466.95000000,1486.48000000
1781078400000,2026-06-10T08:00:00+00:00,466.94000000,468.60000000,458.23000000,458.58000000,3904.48000000
1781082000000,2026-06-10T09:00:00+00:00,458.65000000,462.29000000,456.16000000,460.65000000,4056.51000000
1781085600000,2026-06-10T10:00:00+00:00,460.75000000,462.87000000,457.42000000,462.50000000,3273.92000000
1781089200000,2026-06-10T11:00:00+00:00,462.60000000,463.34000000,456.23000000,457.56000000,3256.24000000
1781092800000,2026-06-10T12:00:00+00:00,457.51000000,473.41000000,456.80000000,465.50000000,8059.37000000
1781096400000,2026-06-10T13:00:00+00:00,465.54000000,477.79000000,464.58000000,467.81000000,12068.99000000
1781100000000,2026-06-10T14:00:00+00:00,467.79000000,476.56000000,462.02000000,464.20000000,7560.03000000
1781103600000,2026-06-10T15:00:00+00:00,464.33000000,466.40000000,451.88000000,461.05000000,7302.16000000
1781107200000,2026-06-10T16:00:00+00:00,461.11000000,462.26000000,453.27000000,454.90000000,3543.20000000
1781110800000,2026-06-10T17:00:00+00:00,454.89000000,459.52000000,452.00000000,458.94000000,2111.32000000
1781114400000,2026-06-10T18:00:00+00:00,458.83000000,459.92000000,451.28000000,452.49000000,1914.17000000
1781118000000,2026-06-10T19:00:00+00:00,452.52000000,455.97000000,448.70000000,452.10000000,3068.44000000
1781121600000,2026-06-10T20:00:00+00:00,452.18000000,452.60000000,445.98000000,447.90000000,2970.41000000
1781125200000,2026-06-10T21:00:00+00:00,447.90000000,448.35000000,446.45000000,446.93000000,743.52000000
1781128800000,2026-06-10T22:00:00+00:00,447.01000000,447.22000000,442.45000000,442.70000000,2532.38000000
1781132400000,2026-06-10T23:00:00+00:00,442.75000000,444.66000000,437.86000000,441.37000000,5424.02000000
1781136000000,2026-06-11T00:00:00+00:00,441.48000000,451.81000000,440.52000000,451.06000000,6020.20000000
1781139600000,2026-06-11T01:00:00+00:00,451.07000000,459.36000000,451.04000000,453.01000000,5890.35000000
1781143200000,2026-06-11T02:00:00+00:00,453.05000000,455.37000000,447.37000000,452.49000000,4149.36000000
1781146800000,2026-06-11T03:00:00+00:00,452.50000000,456.55000000,449.75000000,456.26000000,1935.63000000
1781150400000,2026-06-11T04:00:00+00:00,456.30000000,458.12000000,454.92000000,456.87000000,1588.84000000
1781154000000,2026-06-11T05:00:00+00:00,456.84000000,457.84000000,454.50000000,457.58000000,1289.95000000
1781157600000,2026-06-11T06:00:00+00:00,457.59000000,460.08000000,455.20000000,460.02000000,1333.38000000
1781161200000,2026-06-11T07:00:00+00:00,459.91000000,460.97000000,457.70000000,460.35000000,1547.61000000
1781164800000,2026-06-11T08:00:00+00:00,460.33000000,466.05000000,459.96000000,464.86000000,9720.10000000
1781168400000,2026-06-11T09:00:00+00:00,464.80000000,464.95000000,459.89000000,461.70000000,3035.03000000
1781172000000,2026-06-11T10:00:00+00:00,461.65000000,464.56000000,460.60000000,462.74000000,3749.46000000
1781175600000,2026-06-11T11:00:00+00:00,462.67000000,464.36000000,460.63000000,463.83000000,2538.44000000
1781179200000,2026-06-11T12:00:00+00:00,463.95000000,464.87000000,454.21000000,461.25000000,5579.87000000
1781182800000,2026-06-11T13:00:00+00:00,461.25000000,479.34000000,459.79000000,477.15000000,12448.44000000
1781186400000,2026-06-11T14:00:00+00:00,477.06000000,480.45000000,464.06000000,465.36000000,19580.20000000
1781190000000,2026-06-11T15:00:00+00:00,465.37000000,470.11000000,461.85000000,466.30000000,7274.39000000
1781193600000,2026-06-11T16:00:00+00:00,466.22000000,469.23000000,462.49000000,462.60000000,3566.68000000
1781197200000,2026-06-11T17:00:00+00:00,462.52000000,478.55000000,458.46000000,475.61000000,10453.50000000
1781200800000,2026-06-11T18:00:00+00:00,475.50000000,482.34000000,471.89000000,481.92000000,3011.00000000
1781204400000,2026-06-11T19:00:00+00:00,481.94000000,490.49000000,480.30000000,488.61000000,5015.11000000
1781208000000,2026-06-11T20:00:00+00:00,488.52000000,489.26000000,485.66000000,486.23000000,1574.40000000
1781211600000,2026-06-11T21:00:00+00:00,486.19000000,487.63000000,484.49000000,487.23000000,1515.49000000
1781215200000,2026-06-11T22:00:00+00:00,487.23000000,490.00000000,486.83000000,489.06000000,974.46000000
1781218800000,2026-06-11T23:00:00+00:00,489.11000000,491.97000000,487.52000000,491.69000000,1645.08000000
1781222400000,2026-06-12T00:00:00+00:00,491.71000000,498.70000000,490.12000000,494.27000000,2711.91000000
1781226000000,2026-06-12T01:00:00+00:00,494.21000000,494.24000000,487.84000000,492.19000000,2449.99000000
1781229600000,2026-06-12T02:00:00+00:00,492.30000000,493.29000000,489.63000000,491.60000000,1567.25000000
1781233200000,2026-06-12T03:00:00+00:00,491.58000000,491.79000000,489.31000000,491.12000000,843.37000000
1781236800000,2026-06-12T04:00:00+00:00,491.10000000,492.30000000,489.74000000,491.02000000,466.40000000
